order_id,tradingsymbol,entry_time,exchange,transaction_type,order_type,product,price,trigger_price,exit_time,entry_price,exit_price,position,trade_status,comments,pnl,Metric
-1,BANKNIFTY2260235900PE,01-06-2022 09:32,,BUY,,,,,01-06-2022 09:49,418.85,421.35,BUY,closed,stop loss hit,2.5,SMA
-1,BANKNIFTY2260235900PE,01-06-2022 10:11,,BUY,,,,,01-06-2022 10:23,437.1,415.35,BUY,closed,stop loss hit,-21.75,SMA
-1,BANKNIFTY2260235300CE,01-06-2022 12:02,,BUY,,,,,01-06-2022 12:10,446.5,453.05,BUY,closed,stop loss hit,6.55,SMA
-1,BANKNIFTY2260235900PE,01-06-2022 13:58,,BUY,,,,,01-06-2022 14:03,489.05,472.2,BUY,closed,stop loss hit,-16.85,SMA
-1,BANKNIFTY2260235200CE,02-06-2022 10:25,,BUY,,,,,02-06-2022 10:40,366.65,405.5,BUY,closed,stop loss hit,38.85,SMA
-1,BANKNIFTY2260235800PE,02-06-2022 12:30,,BUY,,,,,02-06-2022 12:34,303.05,270.3,BUY,closed,stop loss hit,-32.75,SMA
-1,BANKNIFTY2260235800PE,02-06-2022 13:34,,BUY,,,,,02-06-2022 13:38,285.6,317.7,BUY,closed,stop loss hit,32.1,SMA
-1,BANKNIFTY2260235200CE,02-06-2022 14:29,,BUY,,,,,02-06-2022 14:33,328.4,310.3,BUY,closed,stop loss hit,-18.1,SMA
-1,BANKNIFTY2260935500CE,03-06-2022 09:30,,BUY,,,,,03-06-2022 09:33,638.5,622.65,BUY,closed,stop loss hit,-15.85,SMA
-1,BANKNIFTY2260936100PE,03-06-2022 11:02,,BUY,,,,,03-06-2022 11:29,621.15,616.55,BUY,closed,stop loss hit,-4.6,SMA
-1,BANKNIFTY2260936100PE,03-06-2022 12:47,,BUY,,,,,03-06-2022 12:58,675.0,721.15,BUY,closed,stop loss hit,46.15,SMA
-1,BANKNIFTY2260936100PE,03-06-2022 14:07,,BUY,,,,,03-06-2022 14:16,724.0,717.7,BUY,closed,stop loss hit,-6.3,SMA
-1,BANKNIFTY2260935500PE,06-06-2022 09:50,,BUY,,,,,06-06-2022 10:00,531.75,504.8,BUY,closed,stop loss hit,-26.95,SMA
-1,BANKNIFTY2260935500PE,06-06-2022 10:24,,BUY,,,,,06-06-2022 10:49,480.35,505.8,BUY,closed,stop loss hit,25.45,SMA
-1,BANKNIFTY2260935500PE,06-06-2022 10:55,,BUY,,,,,06-06-2022 11:38,470.25,512.3,BUY,closed,stop loss hit,42.05,SMA
-1,BANKNIFTY2260935500PE,06-06-2022 12:00,,BUY,,,,,06-06-2022 12:03,490.1,466.9,BUY,closed,stop loss hit,-23.2,SMA
-1,BANKNIFTY2260934900CE,06-06-2022 14:26,,BUY,,,,,06-06-2022 14:36,619.05,647.75,BUY,closed,stop loss hit,28.7,SMA
-1,BANKNIFTY2260935300PE,07-06-2022 10:07,,BUY,,,,,07-06-2022 10:27,422.6,397.15,BUY,closed,stop loss hit,-25.45,SMA
-1,BANKNIFTY2260935300PE,07-06-2022 12:22,,BUY,,,,,07-06-2022 12:39,450.4,473.05,BUY,closed,stop loss hit,22.65,SMA
-1,BANKNIFTY2260935300PE,07-06-2022 14:27,,BUY,,,,,07-06-2022 14:28,525.2,502.3,BUY,closed,stop loss hit,-22.9,SMA
-1,BANKNIFTY2260934800CE,08-06-2022 09:59,,BUY,,,,,08-06-2022 10:04,411.7,392.05,BUY,closed,stop loss hit,-19.65,SMA
-1,BANKNIFTY2260934800CE,08-06-2022 10:05,,BUY,,,,,08-06-2022 10:06,353.5,328.15,BUY,closed,stop loss hit,-25.35,SMA
-1,BANKNIFTY2260934800CE,08-06-2022 11:01,,BUY,,,,,08-06-2022 11:09,628.0,604.3,BUY,closed,stop loss hit,-23.7,SMA
-1,BANKNIFTY2260934800CE,08-06-2022 11:15,,BUY,,,,,08-06-2022 11:26,551.65,564.45,BUY,closed,stop loss hit,12.8,SMA
-1,BANKNIFTY2260934800CE,08-06-2022 12:22,,BUY,,,,,08-06-2022 12:37,566.4,549.55,BUY,closed,stop loss hit,-16.85,SMA
-1,BANKNIFTY2260935000PE,09-06-2022 09:54,,BUY,,,,,09-06-2022 10:17,265.55,316.2,BUY,closed,stop loss hit,50.65,SMA
-1,BANKNIFTY2260935000PE,09-06-2022 10:28,,BUY,,,,,09-06-2022 10:30,245.0,224.45,BUY,closed,stop loss hit,-20.55,SMA
-1,BANKNIFTY2260934400CE,09-06-2022 11:14,,BUY,,,,,09-06-2022 11:24,429.7,410.35,BUY,closed,stop loss hit,-19.35,SMA
-1,BANKNIFTY2260934400CE,09-06-2022 11:25,,BUY,,,,,09-06-2022 11:33,406.75,390.15,BUY,closed,stop loss hit,-16.6,SMA
-1,BANKNIFTY2260934400CE,09-06-2022 11:54,,BUY,,,,,09-06-2022 12:41,392.4,519.5,BUY,closed,stop loss hit,127.1,SMA
-1,BANKNIFTY2260935000PE,09-06-2022 12:42,,BUY,,,,,09-06-2022 13:09,137.05,232.15,BUY,closed,stop loss hit,95.1,SMA
-1,BANKNIFTY2260934400CE,09-06-2022 13:13,,BUY,,,,,09-06-2022 13:26,379.2,398.8,BUY,closed,stop loss hit,19.6,SMA
-1,BANKNIFTY2260935000PE,09-06-2022 14:19,,BUY,,,,,09-06-2022 14:27,122.45,97.5,BUY,closed,stop loss hit,-24.95,SMA
-1,BANKNIFTY2260935000PE,09-06-2022 14:31,,BUY,,,,,09-06-2022 14:38,102.9,118.65,BUY,closed,stop loss hit,15.75,SMA
-1,BANKNIFTY2261634900PE,10-06-2022 10:21,,BUY,,,,,10-06-2022 11:01,514.0,521.65,BUY,closed,stop loss hit,7.65,SMA
-1,BANKNIFTY2261634300CE,10-06-2022 11:28,,BUY,,,,,10-06-2022 11:29,582.15,546.95,BUY,closed,stop loss hit,-35.2,SMA
-1,BANKNIFTY2261634900PE,10-06-2022 12:06,,BUY,,,,,10-06-2022 12:45,550.0,610.0,BUY,closed,stop loss hit,60.0,SMA
-1,BANKNIFTY2261634900PE,10-06-2022 13:45,,BUY,,,,,10-06-2022 14:09,588.7,639.4,BUY,closed,stop loss hit,50.7,SMA
-1,BANKNIFTY2261634900PE,10-06-2022 14:42,,BUY,,,,,10-06-2022 14:45,665.75,641.15,BUY,closed,stop loss hit,-24.6,SMA
-1,BANKNIFTY2261634900PE,10-06-2022 14:46,,BUY,,,,,10-06-2022 14:50,617.2,639.0,BUY,closed,EOD exit,21.8,SMA
-1,BANKNIFTY2261633700PE,13-06-2022 10:31,,BUY,,,,,13-06-2022 10:51,585.45,575.5,BUY,closed,stop loss hit,-9.95,SMA
-1,BANKNIFTY2261633700PE,13-06-2022 11:04,,BUY,,,,,13-06-2022 11:25,560.0,546.55,BUY,closed,stop loss hit,-13.45,SMA
-1,BANKNIFTY2261633700PE,13-06-2022 13:19,,BUY,,,,,13-06-2022 13:37,579.45,553.95,BUY,closed,stop loss hit,-25.5,SMA
-1,BANKNIFTY2261633700PE,13-06-2022 14:32,,BUY,,,,,13-06-2022 14:35,586.2,567.0,BUY,closed,stop loss hit,-19.2,SMA
-1,BANKNIFTY2261632800CE,14-06-2022 09:32,,BUY,,,,,14-06-2022 09:52,579.1,655.2,BUY,closed,stop loss hit,76.1,SMA
-1,BANKNIFTY2261633400PE,14-06-2022 10:09,,BUY,,,,,14-06-2022 10:17,351.5,340.0,BUY,closed,stop loss hit,-11.5,SMA
-1,BANKNIFTY2261633400PE,14-06-2022 10:34,,BUY,,,,,14-06-2022 10:43,316.25,290.05,BUY,closed,stop loss hit,-26.2,SMA
-1,BANKNIFTY2261632800CE,14-06-2022 11:46,,BUY,,,,,14-06-2022 11:50,866.55,851.95,BUY,closed,stop loss hit,-14.6,SMA
-1,BANKNIFTY2261632800CE,14-06-2022 11:59,,BUY,,,,,14-06-2022 12:15,821.3,837.65,BUY,closed,stop loss hit,16.35,SMA
-1,BANKNIFTY2261632800CE,14-06-2022 12:22,,BUY,,,,,14-06-2022 12:24,792.85,760.15,BUY,closed,stop loss hit,-32.7,SMA
-1,BANKNIFTY2261633400PE,14-06-2022 13:13,,BUY,,,,,14-06-2022 13:21,321.75,290.7,BUY,closed,stop loss hit,-31.05,SMA
-1,BANKNIFTY2261633000CE,15-06-2022 09:44,,BUY,,,,,15-06-2022 10:01,430.45,466.3,BUY,closed,stop loss hit,35.85,SMA
-1,BANKNIFTY2261633000CE,15-06-2022 10:53,,BUY,,,,,15-06-2022 11:01,475.3,449.2,BUY,closed,stop loss hit,-26.1,SMA
-1,BANKNIFTY2261633600PE,15-06-2022 12:00,,BUY,,,,,15-06-2022 12:23,338.85,335.5,BUY,closed,stop loss hit,-3.35,SMA
-1,BANKNIFTY2261633000CE,15-06-2022 13:02,,BUY,,,,,15-06-2022 13:17,537.7,548.4,BUY,closed,stop loss hit,10.7,SMA
-1,BANKNIFTY2261633000CE,15-06-2022 13:27,,BUY,,,,,15-06-2022 13:32,539.85,521.3,BUY,closed,stop loss hit,-18.55,SMA
-1,BANKNIFTY2261633400CE,16-06-2022 09:45,,BUY,,,,,16-06-2022 09:49,264.5,246.05,BUY,closed,stop loss hit,-18.45,SMA
-1,BANKNIFTY2261633400CE,16-06-2022 10:23,,BUY,,,,,16-06-2022 10:38,213.9,210.0,BUY,closed,stop loss hit,-3.9,SMA
-1,BANKNIFTY2261633400CE,16-06-2022 10:50,,BUY,,,,,16-06-2022 11:02,171.15,160.5,BUY,closed,stop loss hit,-10.65,SMA
-1,BANKNIFTY2262332600PE,17-06-2022 09:41,,BUY,,,,,17-06-2022 09:42,455.1,408.15,BUY,closed,stop loss hit,-46.95,SMA
-1,BANKNIFTY2262332600PE,17-06-2022 09:55,,BUY,,,,,17-06-2022 09:59,405.1,390.45,BUY,closed,stop loss hit,-14.65,SMA
-1,BANKNIFTY2262332600PE,17-06-2022 10:38,,BUY,,,,,17-06-2022 10:52,410.95,438.75,BUY,closed,stop loss hit,27.8,SMA
-1,BANKNIFTY2262332600PE,17-06-2022 12:00,,BUY,,,,,17-06-2022 12:09,454.7,449.2,BUY,closed,stop loss hit,-5.5,SMA
-1,BANKNIFTY2262332600PE,17-06-2022 12:19,,BUY,,,,,17-06-2022 12:28,430.5,408.75,BUY,closed,stop loss hit,-21.75,SMA
-1,BANKNIFTY2262332000CE,17-06-2022 13:09,,BUY,,,,,17-06-2022 13:10,917.9,897.4,BUY,closed,stop loss hit,-20.5,SMA
-1,BANKNIFTY2262332000CE,17-06-2022 13:13,,BUY,,,,,17-06-2022 13:20,877.75,863.8,BUY,closed,stop loss hit,-13.95,SMA
-1,BANKNIFTY2262332600PE,17-06-2022 14:34,,BUY,,,,,17-06-2022 14:38,421.0,402.55,BUY,closed,stop loss hit,-18.45,SMA
-1,BANKNIFTY2262332600PE,17-06-2022 14:51,,BUY,,,,,17-06-2022 14:54,379.05,337.4,BUY,closed,stop loss hit,-41.65,SMA
-1,BANKNIFTY2262332400CE,20-06-2022 09:36,,BUY,,,,,20-06-2022 09:39,539.15,503.25,BUY,closed,stop loss hit,-35.9,SMA
-1,BANKNIFTY2262333000PE,20-06-2022 11:56,,BUY,,,,,20-06-2022 12:02,483.5,484.25,BUY,closed,stop loss hit,0.75,SMA
-1,BANKNIFTY2262333000PE,20-06-2022 12:03,,BUY,,,,,20-06-2022 12:08,476.65,465.0,BUY,closed,stop loss hit,-11.65,SMA
-1,BANKNIFTY2262332400CE,20-06-2022 12:46,,BUY,,,,,20-06-2022 12:50,562.6,542.35,BUY,closed,stop loss hit,-20.25,SMA
-1,BANKNIFTY2262332400CE,20-06-2022 13:18,,BUY,,,,,20-06-2022 13:42,496.95,536.15,BUY,closed,stop loss hit,39.2,SMA
-1,BANKNIFTY2262332600CE,21-06-2022 13:44,,BUY,,,,,21-06-2022 13:45,972.0,937.7,BUY,closed,stop loss hit,-34.3,SMA
-1,BANKNIFTY2262332600CE,21-06-2022 13:48,,BUY,,,,,21-06-2022 13:52,936.05,940.0,BUY,closed,stop loss hit,3.95,SMA
-1,BANKNIFTY2262332600CE,21-06-2022 14:45,,BUY,,,,,21-06-2022 14:46,839.6,791.6,BUY,closed,stop loss hit,-48.0,SMA
-1,BANKNIFTY2262333100PE,22-06-2022 10:17,,BUY,,,,,22-06-2022 10:31,322.55,306.0,BUY,closed,stop loss hit,-16.55,SMA
-1,BANKNIFTY2262333100PE,22-06-2022 10:35,,BUY,,,,,22-06-2022 10:52,272.05,285.8,BUY,closed,stop loss hit,13.75,SMA
-1,BANKNIFTY2262333100PE,22-06-2022 10:59,,BUY,,,,,22-06-2022 11:27,260.2,327.9,BUY,closed,stop loss hit,67.7,SMA
-1,BANKNIFTY2262332500CE,22-06-2022 11:47,,BUY,,,,,22-06-2022 11:50,447.7,427.05,BUY,closed,stop loss hit,-20.65,SMA
-1,BANKNIFTY2262332500CE,22-06-2022 11:55,,BUY,,,,,22-06-2022 12:17,431.7,445.3,BUY,closed,stop loss hit,13.6,SMA
-1,BANKNIFTY2262333100PE,22-06-2022 12:26,,BUY,,,,,22-06-2022 12:29,323.75,295.35,BUY,closed,stop loss hit,-28.4,SMA
-1,BANKNIFTY2262333100PE,22-06-2022 14:05,,BUY,,,,,22-06-2022 14:06,331.75,300.0,BUY,closed,stop loss hit,-31.75,SMA
-1,BANKNIFTY2262333100PE,22-06-2022 14:31,,BUY,,,,,22-06-2022 14:35,295.5,289.2,BUY,closed,stop loss hit,-6.3,SMA
-1,BANKNIFTY2262332800CE,23-06-2022 10:45,,BUY,,,,,23-06-2022 10:49,559.45,558.6,BUY,closed,stop loss hit,-0.85,SMA
-1,BANKNIFTY2262332800CE,23-06-2022 10:53,,BUY,,,,,23-06-2022 11:08,555.25,585.7,BUY,closed,stop loss hit,30.45,SMA
-1,BANKNIFTY2262332800CE,23-06-2022 11:32,,BUY,,,,,23-06-2022 11:36,517.3,478.3,BUY,closed,stop loss hit,-39.0,SMA
-1,BANKNIFTY2262332800CE,23-06-2022 11:40,,BUY,,,,,23-06-2022 11:43,474.95,468.95,BUY,closed,stop loss hit,-6.0,SMA
-1,BANKNIFTY2262333400PE,23-06-2022 13:31,,BUY,,,,,23-06-2022 13:32,571.25,500.7,BUY,closed,stop loss hit,-70.55,SMA
-1,BANKNIFTY2262333400PE,23-06-2022 13:53,,BUY,,,,,23-06-2022 13:54,288.7,246.95,BUY,closed,stop loss hit,-41.75,SMA
-1,BANKNIFTY2270733300CE,24-06-2022 10:19,,BUY,,,,,24-06-2022 10:49,766.4,784.2,BUY,closed,stop loss hit,17.8,SMA
-1,BANKNIFTY2270733300CE,24-06-2022 11:41,,BUY,,,,,24-06-2022 11:48,764.3,748.8,BUY,closed,stop loss hit,-15.5,SMA
-1,BANKNIFTY2270733300CE,24-06-2022 11:53,,BUY,,,,,24-06-2022 11:54,752.4,727.85,BUY,closed,stop loss hit,-24.55,SMA
-1,BANKNIFTY2270733300CE,24-06-2022 11:57,,BUY,,,,,24-06-2022 12:13,720.2,734.4,BUY,closed,stop loss hit,14.2,SMA
-1,BANKNIFTY2270733900PE,24-06-2022 12:39,,BUY,,,,,24-06-2022 12:45,790.0,767.35,BUY,closed,stop loss hit,-22.65,SMA
-1,BANKNIFTY2270733900PE,24-06-2022 12:49,,BUY,,,,,24-06-2022 13:02,759.2,735.1,BUY,closed,stop loss hit,-24.1,SMA
-1,BANKNIFTY2270733900PE,24-06-2022 13:08,,BUY,,,,,24-06-2022 13:27,733.8,761.8,BUY,closed,stop loss hit,28.0,SMA
-1,BANKNIFTY2270733300CE,24-06-2022 13:44,,BUY,,,,,24-06-2022 13:54,739.6,786.0,BUY,closed,stop loss hit,46.4,SMA
-1,BANKNIFTY2270733800CE,27-06-2022 09:48,,BUY,,,,,27-06-2022 09:50,674.65,650.0,BUY,closed,stop loss hit,-24.65,SMA
-1,BANKNIFTY2270733800CE,27-06-2022 09:58,,BUY,,,,,27-06-2022 10:11,657.0,656.95,BUY,closed,stop loss hit,-0.05,SMA
-1,BANKNIFTY2270733800CE,27-06-2022 10:17,,BUY,,,,,27-06-2022 10:18,649.55,628.6,BUY,closed,stop loss hit,-20.95,SMA
-1,BANKNIFTY2270733800CE,27-06-2022 10:51,,BUY,,,,,27-06-2022 11:16,640.7,642.25,BUY,closed,stop loss hit,1.55,SMA
-1,BANKNIFTY2270734400PE,27-06-2022 12:31,,BUY,,,,,27-06-2022 12:37,826.6,802.5,BUY,closed,stop loss hit,-24.1,SMA
-1,BANKNIFTY2270734400PE,27-06-2022 12:44,,BUY,,,,,27-06-2022 12:55,820.25,790.0,BUY,closed,stop loss hit,-30.25,SMA
-1,BANKNIFTY2270733800CE,27-06-2022 13:59,,BUY,,,,,27-06-2022 14:07,608.1,603.15,BUY,closed,stop loss hit,-4.95,SMA
-1,BANKNIFTY2270733900PE,28-06-2022 09:36,,BUY,,,,,28-06-2022 10:04,635.4,690.9,BUY,closed,stop loss hit,55.5,SMA
-1,BANKNIFTY2270733900PE,28-06-2022 10:30,,BUY,,,,,28-06-2022 11:09,677.85,692.05,BUY,closed,stop loss hit,14.2,SMA
-1,BANKNIFTY2270733300CE,28-06-2022 12:07,,BUY,,,,,28-06-2022 12:46,710.55,760.0,BUY,closed,stop loss hit,49.45,SMA
-1,BANKNIFTY2270733300CE,28-06-2022 13:06,,BUY,,,,,28-06-2022 13:09,697.2,675.75,BUY,closed,stop loss hit,-21.45,SMA
-1,BANKNIFTY2270733900PE,28-06-2022 13:37,,BUY,,,,,28-06-2022 13:50,632.85,614.75,BUY,closed,stop loss hit,-18.1,SMA
-1,BANKNIFTY2270733900PE,28-06-2022 14:29,,BUY,,,,,28-06-2022 14:35,612.35,596.3,BUY,closed,stop loss hit,-16.05,SMA
-1,BANKNIFTY2270733500PE,29-06-2022 10:19,,BUY,,,,,29-06-2022 10:33,552.55,544.5,BUY,closed,stop loss hit,-8.05,SMA
-1,BANKNIFTY2270733500PE,29-06-2022 11:59,,BUY,,,,,29-06-2022 12:03,542.85,522.8,BUY,closed,stop loss hit,-20.05,SMA
-1,BANKNIFTY2270732900CE,29-06-2022 12:30,,BUY,,,,,29-06-2022 13:12,725.15,780.0,BUY,closed,stop loss hit,54.85,SMA
-1,BANKNIFTY2270732900CE,29-06-2022 13:25,,BUY,,,,,29-06-2022 13:45,759.15,758.25,BUY,closed,stop loss hit,-0.9,SMA
-1,BANKNIFTY2270732900CE,29-06-2022 13:50,,BUY,,,,,29-06-2022 14:31,758.25,760.1,BUY,closed,stop loss hit,1.85,SMA
-1,BANKNIFTY2270732900CE,29-06-2022 14:37,,BUY,,,,,29-06-2022 14:49,726.7,739.55,BUY,closed,stop loss hit,12.85,SMA
-1,BANKNIFTY2270733700PE,30-06-2022 09:37,,BUY,,,,,30-06-2022 09:40,517.8,502.15,BUY,closed,stop loss hit,-15.65,SMA
-1,BANKNIFTY2270733100CE,30-06-2022 10:00,,BUY,,,,,30-06-2022 10:02,736.45,710.0,BUY,closed,stop loss hit,-26.45,SMA
-1,BANKNIFTY2270733100CE,30-06-2022 10:19,,BUY,,,,,30-06-2022 10:30,621.65,639.9,BUY,closed,stop loss hit,18.25,SMA
-1,BANKNIFTY2270733100CE,30-06-2022 11:00,,BUY,,,,,30-06-2022 11:13,623.3,627.2,BUY,closed,stop loss hit,3.9,SMA
-1,BANKNIFTY2270733700PE,30-06-2022 11:26,,BUY,,,,,30-06-2022 11:43,567.65,575.35,BUY,closed,stop loss hit,7.7,SMA
-1,BANKNIFTY2270733700PE,30-06-2022 11:55,,BUY,,,,,30-06-2022 12:18,580.8,598.65,BUY,closed,stop loss hit,17.85,SMA
-1,BANKNIFTY2270733700PE,30-06-2022 12:28,,BUY,,,,,30-06-2022 12:37,606.3,630.0,BUY,closed,stop loss hit,23.7,SMA
-1,BANKNIFTY2270733700PE,30-06-2022 12:58,,BUY,,,,,30-06-2022 13:06,606.5,587.0,BUY,closed,stop loss hit,-19.5,SMA
-1,BANKNIFTY2270733700PE,30-06-2022 13:18,,BUY,,,,,30-06-2022 13:26,571.35,577.15,BUY,closed,stop loss hit,5.8,SMA
-1,BANKNIFTY2270733100CE,30-06-2022 14:43,,BUY,,,,,30-06-2022 14:50,618.75,636.05,BUY,closed,EOD exit,17.3,SMA
-1,BANKNIFTY2230335800PE,02-03-2022 11:24,,BUY,,,,,02-03-2022 11:41,752.3,813.25,BUY,closed,stop loss hit,60.95,SMA
-1,BANKNIFTY2230335800PE,02-03-2022 13:01,,BUY,,,,,02-03-2022 13:03,870.0,850.55,BUY,closed,stop loss hit,-19.45,SMA
-1,BANKNIFTY2230335800PE,02-03-2022 13:57,,BUY,,,,,02-03-2022 14:09,827.45,880.1,BUY,closed,stop loss hit,52.65,SMA
-1,BANKNIFTY2230335200CE,02-03-2022 14:20,,BUY,,,,,02-03-2022 14:35,294.75,279.3,BUY,closed,stop loss hit,-15.45,SMA
-1,BANKNIFTY2230335800PE,02-03-2022 14:44,,BUY,,,,,02-03-2022 14:50,881.95,890.0,BUY,closed,EOD exit,8.05,SMA
-1,BANKNIFTY2230335800PE,02-03-2022 14:53,,BUY,,,,,02-03-2022 14:59,901.3,905.6,BUY,closed,stop loss hit,4.3,SMA
-1,BANKNIFTY2230335200CE,03-03-2022 09:30,,BUY,,,,,03-03-2022 09:33,400.85,398.4,BUY,closed,stop loss hit,-2.45,SMA
-1,BANKNIFTY2230335200CE,03-03-2022 10:09,,BUY,,,,,03-03-2022 10:17,240.05,239.35,BUY,closed,stop loss hit,-0.7,SMA
-1,BANKNIFTY2230335200CE,03-03-2022 10:18,,BUY,,,,,03-03-2022 10:27,221.9,200.75,BUY,closed,stop loss hit,-21.15,SMA
-1,BANKNIFTY2230335200CE,03-03-2022 10:29,,BUY,,,,,03-03-2022 10:41,216.1,214.0,BUY,closed,stop loss hit,-2.1,SMA
-1,BANKNIFTY2230335800PE,03-03-2022 11:13,,BUY,,,,,03-03-2022 11:17,594.85,553.0,BUY,closed,stop loss hit,-41.85,SMA
-1,BANKNIFTY2230335200CE,03-03-2022 12:17,,BUY,,,,,03-03-2022 12:19,183.5,160.65,BUY,closed,stop loss hit,-22.85,SMA
-1,BANKNIFTY2230335200CE,03-03-2022 12:37,,BUY,,,,,03-03-2022 12:55,92.45,101.65,BUY,closed,stop loss hit,9.2,SMA
-1,BANKNIFTY2230335800PE,03-03-2022 13:45,,BUY,,,,,03-03-2022 13:53,662.85,715.0,BUY,closed,stop loss hit,52.15,SMA
-1,BANKNIFTY2230335800PE,03-03-2022 14:30,,BUY,,,,,03-03-2022 14:35,778.1,757.4,BUY,closed,stop loss hit,-20.7,SMA
-1,BANKNIFTY2231034700PE,04-03-2022 10:50,,BUY,,,,,04-03-2022 11:00,885.45,945.0,BUY,closed,stop loss hit,59.55,SMA
-1,BANKNIFTY2231034700PE,04-03-2022 11:29,,BUY,,,,,04-03-2022 11:30,915.5,892.1,BUY,closed,stop loss hit,-23.4,SMA
-1,BANKNIFTY2231034700PE,04-03-2022 11:35,,BUY,,,,,04-03-2022 11:45,891.65,898.7,BUY,closed,stop loss hit,7.05,SMA
-1,BANKNIFTY2231034100CE,04-03-2022 13:45,,BUY,,,,,04-03-2022 13:46,1200.4,1168.05,BUY,closed,stop loss hit,-32.35,SMA
-1,BANKNIFTY2231034100CE,04-03-2022 14:05,,BUY,,,,,04-03-2022 14:09,1100.1,1069.35,BUY,closed,stop loss hit,-30.75,SMA
-1,BANKNIFTY2231033300PE,07-03-2022 10:56,,BUY,,,,,07-03-2022 10:57,851.7,826.65,BUY,closed,stop loss hit,-25.05,SMA
-1,BANKNIFTY2231033300PE,07-03-2022 11:21,,BUY,,,,,07-03-2022 11:23,869.5,835.0,BUY,closed,stop loss hit,-34.5,SMA
-1,BANKNIFTY2231033300PE,07-03-2022 11:24,,BUY,,,,,07-03-2022 11:41,837.1,801.0,BUY,closed,stop loss hit,-36.1,SMA
-1,BANKNIFTY2231033300PE,07-03-2022 12:03,,BUY,,,,,07-03-2022 12:07,792.5,771.05,BUY,closed,stop loss hit,-21.45,SMA
-1,BANKNIFTY2231032700CE,07-03-2022 13:00,,BUY,,,,,07-03-2022 13:06,832.15,847.05,BUY,closed,stop loss hit,14.9,SMA
-1,BANKNIFTY2231032700CE,07-03-2022 13:08,,BUY,,,,,07-03-2022 13:12,806.6,774.75,BUY,closed,stop loss hit,-31.85,SMA
-1,BANKNIFTY2231032700CE,07-03-2022 13:16,,BUY,,,,,07-03-2022 13:25,768.15,763.6,BUY,closed,stop loss hit,-4.55,SMA
-1,BANKNIFTY2231033300PE,07-03-2022 14:30,,BUY,,,,,07-03-2022 14:32,1066.8,1076.75,BUY,closed,stop loss hit,9.95,SMA
-1,BANKNIFTY2231033300PE,07-03-2022 14:35,,BUY,,,,,07-03-2022 14:36,1065.7,1042.45,BUY,closed,stop loss hit,-23.25,SMA
-1,BANKNIFTY2231033300PE,07-03-2022 14:52,,BUY,,,,,07-03-2022 14:56,951.0,974.5,BUY,closed,stop loss hit,23.5,SMA
-1,BANKNIFTY2231032200CE,08-03-2022 09:41,,BUY,,,,,08-03-2022 09:49,786.0,830.8,BUY,closed,stop loss hit,44.8,SMA
-1,BANKNIFTY2231032800PE,08-03-2022 10:25,,BUY,,,,,08-03-2022 10:43,581.05,703.45,BUY,closed,stop loss hit,122.4,SMA
-1,BANKNIFTY2231032200CE,08-03-2022 11:20,,BUY,,,,,08-03-2022 11:29,709.75,736.25,BUY,closed,stop loss hit,26.5,SMA
-1,BANKNIFTY2231032800PE,08-03-2022 12:08,,BUY,,,,,08-03-2022 12:11,818.0,827.7,BUY,closed,stop loss hit,9.7,SMA
-1,BANKNIFTY2231032800PE,08-03-2022 12:24,,BUY,,,,,08-03-2022 12:26,771.85,746.0,BUY,closed,stop loss hit,-25.85,SMA
-1,BANKNIFTY2231032200CE,08-03-2022 13:28,,BUY,,,,,08-03-2022 13:46,620.9,785.15,BUY,closed,stop loss hit,164.25,SMA
-1,BANKNIFTY2231032800PE,08-03-2022 13:52,,BUY,,,,,08-03-2022 13:58,697.7,681.55,BUY,closed,stop loss hit,-16.15,SMA
-1,BANKNIFTY2231032200CE,08-03-2022 14:23,,BUY,,,,,08-03-2022 14:36,797.35,966.0,BUY,closed,stop loss hit,168.65,SMA
-1,BANKNIFTY2231032800CE,09-03-2022 10:39,,BUY,,,,,09-03-2022 10:42,654.8,633.1,BUY,closed,stop loss hit,-21.7,SMA
-1,BANKNIFTY2231032800CE,09-03-2022 11:17,,BUY,,,,,09-03-2022 11:22,586.2,557.45,BUY,closed,stop loss hit,-28.75,SMA
-1,BANKNIFTY2231033400PE,09-03-2022 12:24,,BUY,,,,,09-03-2022 12:27,460.25,408.55,BUY,closed,stop loss hit,-51.7,SMA
-1,BANKNIFTY2231032800CE,09-03-2022 13:17,,BUY,,,,,09-03-2022 13:26,878.0,882.0,BUY,closed,stop loss hit,4.0,SMA
-1,BANKNIFTY2231032800CE,09-03-2022 13:27,,BUY,,,,,09-03-2022 13:30,851.3,825.15,BUY,closed,stop loss hit,-26.15,SMA
-1,BANKNIFTY2231034500CE,10-03-2022 09:34,,BUY,,,,,10-03-2022 09:40,434.5,474.35,BUY,closed,stop loss hit,39.85,SMA
-1,BANKNIFTY2231034500CE,10-03-2022 10:44,,BUY,,,,,10-03-2022 10:54,701.0,774.25,BUY,closed,stop loss hit,73.25,SMA
-1,BANKNIFTY2231034500CE,10-03-2022 11:31,,BUY,,,,,10-03-2022 11:32,778.55,751.25,BUY,closed,stop loss hit,-27.3,SMA
-1,BANKNIFTY2231034500CE,10-03-2022 11:34,,BUY,,,,,10-03-2022 11:35,767.85,722.0,BUY,closed,stop loss hit,-45.85,SMA
-1,BANKNIFTY2231035100PE,10-03-2022 13:25,,BUY,,,,,10-03-2022 13:50,214.0,649.5,BUY,closed,Target hit,435.5,SMA
-1,BANKNIFTY2231035100PE,10-03-2022 14:35,,BUY,,,,,10-03-2022 14:36,583.1,519.3,BUY,closed,stop loss hit,-63.8,SMA
-1,BANKNIFTY2231035100PE,10-03-2022 14:43,,BUY,,,,,10-03-2022 14:50,557.55,701.7,BUY,closed,EOD exit,144.15,SMA
-1,BANKNIFTY2231734300CE,11-03-2022 10:21,,BUY,,,,,11-03-2022 10:23,918.8,893.4,BUY,closed,stop loss hit,-25.4,SMA
-1,BANKNIFTY2231734300CE,11-03-2022 10:32,,BUY,,,,,11-03-2022 10:35,833.1,824.0,BUY,closed,stop loss hit,-9.1,SMA
-1,BANKNIFTY2231734900PE,11-03-2022 11:34,,BUY,,,,,11-03-2022 11:38,792.15,767.85,BUY,closed,stop loss hit,-24.3,SMA
-1,BANKNIFTY2231734300CE,11-03-2022 12:53,,BUY,,,,,11-03-2022 13:07,807.25,814.0,BUY,closed,stop loss hit,6.75,SMA
-1,BANKNIFTY2231734900PE,11-03-2022 14:17,,BUY,,,,,11-03-2022 14:21,863.3,866.9,BUY,closed,stop loss hit,3.6,SMA
-1,BANKNIFTY2231734900PE,11-03-2022 14:44,,BUY,,,,,11-03-2022 14:50,816.6,835.2,BUY,closed,EOD exit,18.6,SMA
-1,BANKNIFTY2231734500CE,14-03-2022 10:22,,BUY,,,,,14-03-2022 10:29,809.35,824.05,BUY,closed,stop loss hit,14.7,SMA
-1,BANKNIFTY2231735200CE,15-03-2022 09:42,,BUY,,,,,15-03-2022 09:44,614.05,635.4,BUY,closed,stop loss hit,21.35,SMA
-1,BANKNIFTY2231735200CE,15-03-2022 10:53,,BUY,,,,,15-03-2022 10:55,733.35,721.05,BUY,closed,stop loss hit,-12.3,SMA
-1,BANKNIFTY2231735200CE,15-03-2022 10:59,,BUY,,,,,15-03-2022 11:09,699.95,690.0,BUY,closed,stop loss hit,-9.95,SMA
-1,BANKNIFTY2231735200CE,15-03-2022 12:37,,BUY,,,,,15-03-2022 12:40,621.3,603.25,BUY,closed,stop loss hit,-18.05,SMA
-1,BANKNIFTY2231735800PE,15-03-2022 14:51,,BUY,,,,,15-03-2022 14:53,1032.45,1019.15,BUY,closed,stop loss hit,-13.3,SMA
-1,BANKNIFTY2231735400CE,16-03-2022 10:11,,BUY,,,,,16-03-2022 10:13,524.0,501.95,BUY,closed,stop loss hit,-22.05,SMA
-1,BANKNIFTY2231735400CE,16-03-2022 10:24,,BUY,,,,,16-03-2022 10:38,475.9,504.35,BUY,closed,stop loss hit,28.45,SMA
-1,BANKNIFTY2231735400CE,16-03-2022 11:01,,BUY,,,,,16-03-2022 11:07,510.9,500.5,BUY,closed,stop loss hit,-10.4,SMA
-1,BANKNIFTY2231736000PE,16-03-2022 11:36,,BUY,,,,,16-03-2022 11:42,549.15,551.15,BUY,closed,stop loss hit,2.0,SMA
-1,BANKNIFTY2231735400CE,16-03-2022 12:06,,BUY,,,,,16-03-2022 12:29,511.35,538.0,BUY,closed,stop loss hit,26.65,SMA
-1,BANKNIFTY2231735400CE,16-03-2022 13:00,,BUY,,,,,16-03-2022 13:11,519.2,495.45,BUY,closed,stop loss hit,-23.75,SMA
-1,BANKNIFTY2231735400CE,16-03-2022 13:14,,BUY,,,,,16-03-2022 13:28,470.05,510.05,BUY,closed,stop loss hit,40.0,SMA
-1,BANKNIFTY2231736000PE,16-03-2022 13:34,,BUY,,,,,16-03-2022 13:45,549.75,534.35,BUY,closed,stop loss hit,-15.4,SMA
-1,BANKNIFTY2231736000PE,16-03-2022 14:29,,BUY,,,,,16-03-2022 14:37,548.3,560.55,BUY,closed,stop loss hit,12.25,SMA
-1,BANKNIFTY2231736100CE,17-03-2022 10:22,,BUY,,,,,17-03-2022 10:29,433.65,427.25,BUY,closed,stop loss hit,-6.4,SMA
-1,BANKNIFTY2231736100CE,17-03-2022 12:03,,BUY,,,,,17-03-2022 12:04,468.5,445.1,BUY,closed,stop loss hit,-23.4,SMA
-1,BANKNIFTY2231736100CE,17-03-2022 12:54,,BUY,,,,,17-03-2022 12:59,429.6,414.5,BUY,closed,stop loss hit,-15.1,SMA
-1,BANKNIFTY2231736100CE,17-03-2022 13:03,,BUY,,,,,17-03-2022 13:25,422.0,407.35,BUY,closed,stop loss hit,-14.65,SMA
-1,BANKNIFTY2231736700PE,17-03-2022 13:55,,BUY,,,,,17-03-2022 14:07,218.8,201.3,BUY,closed,stop loss hit,-17.5,SMA
-1,BANKNIFTY2231736700PE,17-03-2022 14:08,,BUY,,,,,17-03-2022 14:19,175.1,199.15,BUY,closed,stop loss hit,24.05,SMA
-1,BANKNIFTY2231736100CE,17-03-2022 14:46,,BUY,,,,,17-03-2022 14:49,395.4,370.7,BUY,closed,stop loss hit,-24.7,SMA
-1,BANKNIFTY2232436600PE,21-03-2022 10:47,,BUY,,,,,21-03-2022 10:59,727.05,725.75,BUY,closed,stop loss hit,-1.3,SMA
-1,BANKNIFTY2232436600PE,21-03-2022 11:05,,BUY,,,,,21-03-2022 11:20,680.7,675.3,BUY,closed,stop loss hit,-5.4,SMA
-1,BANKNIFTY2232436000CE,21-03-2022 11:38,,BUY,,,,,21-03-2022 11:45,642.0,616.9,BUY,closed,stop loss hit,-25.1,SMA
-1,BANKNIFTY2232436000CE,21-03-2022 11:55,,BUY,,,,,21-03-2022 12:12,598.55,597.35,BUY,closed,stop loss hit,-1.2,SMA
-1,BANKNIFTY2232436000CE,21-03-2022 12:24,,BUY,,,,,21-03-2022 12:32,595.2,574.4,BUY,closed,stop loss hit,-20.8,SMA
-1,BANKNIFTY2232436600PE,21-03-2022 13:36,,BUY,,,,,21-03-2022 13:39,812.65,797.9,BUY,closed,stop loss hit,-14.75,SMA
-1,BANKNIFTY2232436600PE,21-03-2022 14:02,,BUY,,,,,21-03-2022 14:09,772.1,747.95,BUY,closed,stop loss hit,-24.15,SMA
-1,BANKNIFTY2232436000CE,21-03-2022 14:25,,BUY,,,,,21-03-2022 14:31,531.35,530.0,BUY,closed,stop loss hit,-1.35,SMA
-1,BANKNIFTY2232436000CE,21-03-2022 14:34,,BUY,,,,,21-03-2022 14:37,528.0,505.75,BUY,closed,stop loss hit,-22.25,SMA
-1,BANKNIFTY2232436000PE,22-03-2022 10:30,,BUY,,,,,22-03-2022 10:46,683.4,693.05,BUY,closed,stop loss hit,9.65,SMA
-1,BANKNIFTY2232436000PE,22-03-2022 10:53,,BUY,,,,,22-03-2022 10:55,682.0,664.05,BUY,closed,stop loss hit,-17.95,SMA
-1,BANKNIFTY2232436000PE,22-03-2022 10:57,,BUY,,,,,22-03-2022 11:00,660.95,641.9,BUY,closed,stop loss hit,-19.05,SMA
-1,BANKNIFTY2232436000PE,22-03-2022 11:08,,BUY,,,,,22-03-2022 12:02,613.25,734.1,BUY,closed,stop loss hit,120.85,SMA
-1,BANKNIFTY2232436000PE,22-03-2022 12:28,,BUY,,,,,22-03-2022 12:34,695.0,759.5,BUY,closed,stop loss hit,64.5,SMA
-1,BANKNIFTY2232436000PE,22-03-2022 12:42,,BUY,,,,,22-03-2022 12:45,515.05,511.65,BUY,closed,stop loss hit,-3.4,SMA
-1,BANKNIFTY2232436000PE,22-03-2022 12:58,,BUY,,,,,22-03-2022 13:00,464.5,427.25,BUY,closed,stop loss hit,-37.25,SMA
-1,BANKNIFTY2232436400CE,23-03-2022 09:36,,BUY,,,,,23-03-2022 09:40,495.1,469.1,BUY,closed,stop loss hit,-26.0,SMA
-1,BANKNIFTY2232436400CE,23-03-2022 09:45,,BUY,,,,,23-03-2022 09:52,410.65,475.6,BUY,closed,stop loss hit,64.95,SMA
-1,BANKNIFTY2232436400CE,23-03-2022 10:22,,BUY,,,,,23-03-2022 10:26,349.05,342.15,BUY,closed,stop loss hit,-6.9,SMA
-1,BANKNIFTY2232436400CE,23-03-2022 10:27,,BUY,,,,,23-03-2022 10:38,346.0,360.6,BUY,closed,stop loss hit,14.6,SMA
-1,BANKNIFTY2232437000PE,23-03-2022 10:53,,BUY,,,,,23-03-2022 10:58,589.7,595.0,BUY,closed,stop loss hit,5.3,SMA
-1,BANKNIFTY2232437000PE,23-03-2022 13:11,,BUY,,,,,23-03-2022 13:21,769.0,796.55,BUY,closed,stop loss hit,27.55,SMA
-1,BANKNIFTY2232437000PE,23-03-2022 13:25,,BUY,,,,,23-03-2022 13:30,693.4,716.95,BUY,closed,stop loss hit,23.55,SMA
-1,BANKNIFTY2232437000PE,23-03-2022 14:07,,BUY,,,,,23-03-2022 14:10,826.9,804.9,BUY,closed,stop loss hit,-22.0,SMA
-1,BANKNIFTY2232436000PE,24-03-2022 09:52,,BUY,,,,,24-03-2022 09:54,269.4,253.35,BUY,closed,stop loss hit,-16.05,SMA
-1,BANKNIFTY2232436000PE,24-03-2022 09:57,,BUY,,,,,24-03-2022 10:10,235.0,237.65,BUY,closed,stop loss hit,2.65,SMA
-1,BANKNIFTY2232435400CE,24-03-2022 11:44,,BUY,,,,,24-03-2022 11:45,497.7,477.1,BUY,closed,stop loss hit,-20.6,SMA
-1,BANKNIFTY2232435400CE,24-03-2022 12:04,,BUY,,,,,24-03-2022 12:13,320.35,297.1,BUY,closed,stop loss hit,-23.25,SMA
-1,BANKNIFTY2232435400CE,24-03-2022 12:15,,BUY,,,,,24-03-2022 12:21,278.25,272.65,BUY,closed,stop loss hit,-5.6,SMA
-1,BANKNIFTY2232436000PE,24-03-2022 12:44,,BUY,,,,,24-03-2022 12:46,477.0,471.5,BUY,closed,stop loss hit,-5.5,SMA
-1,BANKNIFTY2232436000PE,24-03-2022 13:28,,BUY,,,,,24-03-2022 13:47,300.4,522.35,BUY,closed,stop loss hit,221.95,SMA
-1,BANKNIFTY2232436000PE,24-03-2022 14:01,,BUY,,,,,24-03-2022 14:04,478.6,415.65,BUY,closed,stop loss hit,-62.95,SMA
-1,BANKNIFTY2232435400CE,24-03-2022 14:45,,BUY,,,,,24-03-2022 14:50,178.75,221.2,BUY,closed,EOD exit,42.45,SMA
-1,BANKNIFTY2240735100CE,25-03-2022 09:30,,BUY,,,,,25-03-2022 09:59,1147.05,1214.75,BUY,closed,stop loss hit,67.7,SMA
-1,BANKNIFTY2240735700PE,25-03-2022 10:01,,BUY,,,,,25-03-2022 10:20,837.35,896.0,BUY,closed,stop loss hit,58.65,SMA
-1,BANKNIFTY2240735100CE,25-03-2022 11:04,,BUY,,,,,25-03-2022 11:09,1178.45,1156.25,BUY,closed,stop loss hit,-22.2,SMA
-1,BANKNIFTY2240735700PE,25-03-2022 11:30,,BUY,,,,,25-03-2022 11:59,871.7,877.0,BUY,closed,stop loss hit,5.3,SMA
-1,BANKNIFTY2240735100CE,25-03-2022 12:00,,BUY,,,,,25-03-2022 12:05,1130.1,1105.1,BUY,closed,stop loss hit,-25.0,SMA
-1,BANKNIFTY2240735700PE,25-03-2022 12:44,,BUY,,,,,25-03-2022 13:03,923.6,957.0,BUY,closed,stop loss hit,33.4,SMA
-1,BANKNIFTY2240735700PE,25-03-2022 13:10,,BUY,,,,,25-03-2022 13:28,907.5,935.0,BUY,closed,stop loss hit,27.5,SMA
-1,BANKNIFTY2240735700PE,25-03-2022 14:25,,BUY,,,,,25-03-2022 14:26,982.4,960.0,BUY,closed,stop loss hit,-22.4,SMA
-1,BANKNIFTY2240735400PE,28-03-2022 10:00,,BUY,,,,,28-03-2022 10:21,880.0,905.6,BUY,closed,stop loss hit,25.6,SMA
-1,BANKNIFTY2240735400PE,28-03-2022 10:54,,BUY,,,,,28-03-2022 11:15,882.55,861.55,BUY,closed,stop loss hit,-21.0,SMA
-1,BANKNIFTY2240735400PE,28-03-2022 11:21,,BUY,,,,,28-03-2022 11:22,877.95,850.95,BUY,closed,stop loss hit,-27.0,SMA
-1,BANKNIFTY2240734800CE,28-03-2022 11:38,,BUY,,,,,28-03-2022 11:39,1075.25,1050.0,BUY,closed,stop loss hit,-25.25,SMA
-1,BANKNIFTY2240734800CE,28-03-2022 11:42,,BUY,,,,,28-03-2022 12:09,1050.0,1041.0,BUY,closed,stop loss hit,-9.0,SMA
-1,BANKNIFTY2240734800CE,28-03-2022 13:30,,BUY,,,,,28-03-2022 13:31,1377.5,1337.1,BUY,closed,stop loss hit,-40.4,SMA
-1,BANKNIFTY2240734800CE,28-03-2022 13:41,,BUY,,,,,28-03-2022 14:03,1303.1,1361.05,BUY,closed,stop loss hit,57.95,SMA
-1,BANKNIFTY2240735400PE,28-03-2022 14:34,,BUY,,,,,28-03-2022 14:37,583.45,555.6,BUY,closed,stop loss hit,-27.85,SMA
-1,BANKNIFTY2240735600CE,29-03-2022 09:54,,BUY,,,,,29-03-2022 09:58,888.0,873.75,BUY,closed,stop loss hit,-14.25,SMA
-1,BANKNIFTY2240735600CE,29-03-2022 10:41,,BUY,,,,,29-03-2022 11:09,828.95,870.45,BUY,closed,stop loss hit,41.5,SMA
-1,BANKNIFTY2240736200PE,29-03-2022 12:26,,BUY,,,,,29-03-2022 12:47,857.45,877.4,BUY,closed,stop loss hit,19.95,SMA
-1,BANKNIFTY2240736200PE,29-03-2022 12:54,,BUY,,,,,29-03-2022 13:16,805.85,970.2,BUY,closed,stop loss hit,164.35,SMA
-1,BANKNIFTY2240736200PE,29-03-2022 13:47,,BUY,,,,,29-03-2022 14:00,924.45,883.55,BUY,closed,stop loss hit,-40.9,SMA
-1,BANKNIFTY2240736200PE,29-03-2022 14:19,,BUY,,,,,29-03-2022 14:20,902.0,875.65,BUY,closed,stop loss hit,-26.35,SMA
-1,BANKNIFTY2240735800CE,30-03-2022 11:20,,BUY,,,,,30-03-2022 11:42,957.35,955.0,BUY,closed,stop loss hit,-2.35,SMA
-1,BANKNIFTY2240735800CE,30-03-2022 12:06,,BUY,,,,,30-03-2022 12:14,936.45,924.7,BUY,closed,stop loss hit,-11.75,SMA
-1,BANKNIFTY2240736400PE,30-03-2022 13:23,,BUY,,,,,30-03-2022 13:47,616.2,648.85,BUY,closed,stop loss hit,32.65,SMA
-1,BANKNIFTY2240736400PE,30-03-2022 14:00,,BUY,,,,,30-03-2022 14:14,621.45,628.25,BUY,closed,stop loss hit,6.8,SMA
-1,BANKNIFTY2240735800CE,30-03-2022 14:46,,BUY,,,,,30-03-2022 14:50,897.8,951.05,BUY,closed,EOD exit,53.25,SMA
-1,BANKNIFTY2240736000CE,31-03-2022 10:41,,BUY,,,,,31-03-2022 10:44,838.8,825.1,BUY,closed,stop loss hit,-13.7,SMA
-1,BANKNIFTY2240736000CE,31-03-2022 10:45,,BUY,,,,,31-03-2022 10:49,843.0,823.8,BUY,closed,stop loss hit,-19.2,SMA
-1,BANKNIFTY2240736000CE,31-03-2022 11:18,,BUY,,,,,31-03-2022 11:34,845.8,835.5,BUY,closed,stop loss hit,-10.3,SMA
-1,BANKNIFTY2240736600PE,31-03-2022 12:31,,BUY,,,,,31-03-2022 13:01,568.45,571.3,BUY,closed,stop loss hit,2.85,SMA
-1,BANKNIFTY2240736600PE,31-03-2022 13:08,,BUY,,,,,31-03-2022 13:27,560.45,573.1,BUY,closed,stop loss hit,12.65,SMA
-1,BANKNIFTY2240736000CE,31-03-2022 13:42,,BUY,,,,,31-03-2022 14:00,797.0,789.35,BUY,closed,stop loss hit,-7.65,SMA
-1,BANKNIFTY2240736000CE,31-03-2022 14:02,,BUY,,,,,31-03-2022 14:32,770.0,805.0,BUY,closed,stop loss hit,35.0,SMA
-1,BANKNIFTY2240736100CE,01-04-2022 10:43,,BUY,,,,,01-04-2022 10:47,849.6,860.05,BUY,closed,stop loss hit,10.45,SMA
-1,BANKNIFTY2240736100CE,01-04-2022 11:25,,BUY,,,,,01-04-2022 12:04,865.6,850.0,BUY,closed,stop loss hit,-15.6,SMA
-1,BANKNIFTY2240736100CE,01-04-2022 13:04,,BUY,,,,,01-04-2022 13:18,1001.45,1045.95,BUY,closed,stop loss hit,44.5,SMA
-1,BANKNIFTY2240736100CE,01-04-2022 14:50,,BUY,,,,,01-04-2022 14:50,1106.4,1106.4,BUY,closed,EOD exit,0.0,SMA
-1,BANKNIFTY2240737800CE,04-04-2022 10:36,,BUY,,,,,04-04-2022 10:41,884.25,864.05,BUY,closed,stop loss hit,-20.2,SMA
-1,BANKNIFTY2240737800CE,04-04-2022 10:46,,BUY,,,,,04-04-2022 10:50,859.8,840.0,BUY,closed,stop loss hit,-19.8,SMA
-1,BANKNIFTY2240737800CE,04-04-2022 10:54,,BUY,,,,,04-04-2022 10:56,764.05,722.7,BUY,closed,stop loss hit,-41.35,SMA
-1,BANKNIFTY2240737800CE,04-04-2022 11:08,,BUY,,,,,04-04-2022 11:09,634.8,591.9,BUY,closed,stop loss hit,-42.9,SMA
-1,BANKNIFTY2240737800CE,04-04-2022 11:34,,BUY,,,,,04-04-2022 11:35,621.3,595.0,BUY,closed,stop loss hit,-26.3,SMA
-1,BANKNIFTY2240738400PE,04-04-2022 11:50,,BUY,,,,,04-04-2022 11:57,441.35,416.85,BUY,closed,stop loss hit,-24.5,SMA
-1,BANKNIFTY2240738400PE,04-04-2022 12:29,,BUY,,,,,04-04-2022 12:58,440.0,476.95,BUY,closed,stop loss hit,36.95,SMA
-1,BANKNIFTY2240738200CE,05-04-2022 09:42,,BUY,,,,,05-04-2022 09:43,397.4,374.8,BUY,closed,stop loss hit,-22.6,SMA
-1,BANKNIFTY2240738800PE,05-04-2022 10:21,,BUY,,,,,05-04-2022 10:23,678.2,661.1,BUY,closed,stop loss hit,-17.1,SMA
-1,BANKNIFTY2240738800PE,05-04-2022 10:27,,BUY,,,,,05-04-2022 10:41,640.0,696.85,BUY,closed,stop loss hit,56.85,SMA
-1,BANKNIFTY2240738800PE,05-04-2022 10:55,,BUY,,,,,05-04-2022 10:56,635.1,612.3,BUY,closed,stop loss hit,-22.8,SMA
-1,BANKNIFTY2240738800PE,05-04-2022 11:08,,BUY,,,,,05-04-2022 11:13,568.05,592.05,BUY,closed,stop loss hit,24.0,SMA
-1,BANKNIFTY2240738200CE,05-04-2022 12:01,,BUY,,,,,05-04-2022 12:17,394.45,410.0,BUY,closed,stop loss hit,15.55,SMA
-1,BANKNIFTY2240738800PE,05-04-2022 13:05,,BUY,,,,,05-04-2022 13:06,504.9,479.5,BUY,closed,stop loss hit,-25.4,SMA
-1,BANKNIFTY2240738200CE,05-04-2022 13:59,,BUY,,,,,05-04-2022 14:00,467.75,412.0,BUY,closed,stop loss hit,-55.75,SMA
-1,BANKNIFTY2240738200CE,05-04-2022 14:25,,BUY,,,,,05-04-2022 14:37,356.35,388.6,BUY,closed,stop loss hit,32.25,SMA
-1,BANKNIFTY2240738000PE,06-04-2022 10:16,,BUY,,,,,06-04-2022 10:32,458.1,473.55,BUY,closed,stop loss hit,15.45,SMA
-1,BANKNIFTY2240738000PE,06-04-2022 11:19,,BUY,,,,,06-04-2022 11:32,445.9,454.5,BUY,closed,stop loss hit,8.6,SMA
-1,BANKNIFTY2240737400CE,06-04-2022 12:57,,BUY,,,,,06-04-2022 12:59,479.5,430.0,BUY,closed,stop loss hit,-49.5,SMA
-1,BANKNIFTY2240737400CE,06-04-2022 13:02,,BUY,,,,,06-04-2022 13:03,411.45,377.45,BUY,closed,stop loss hit,-34.0,SMA
-1,BANKNIFTY2240737400CE,06-04-2022 13:29,,BUY,,,,,06-04-2022 13:47,341.5,410.05,BUY,closed,stop loss hit,68.55,SMA
-1,BANKNIFTY2240738000PE,06-04-2022 14:27,,BUY,,,,,06-04-2022 14:30,400.2,352.4,BUY,closed,stop loss hit,-47.8,SMA
-1,BANKNIFTY2240738000PE,06-04-2022 14:33,,BUY,,,,,06-04-2022 14:37,365.65,380.75,BUY,closed,stop loss hit,15.1,SMA
-1,BANKNIFTY2240737700PE,07-04-2022 09:40,,BUY,,,,,07-04-2022 09:55,222.75,235.8,BUY,closed,stop loss hit,13.05,SMA
-1,BANKNIFTY2240737700PE,07-04-2022 10:19,,BUY,,,,,07-04-2022 10:41,212.1,255.15,BUY,closed,stop loss hit,43.05,SMA
-1,BANKNIFTY2240737700PE,07-04-2022 11:07,,BUY,,,,,07-04-2022 11:09,204.0,164.0,BUY,closed,stop loss hit,-40.0,SMA
-1,BANKNIFTY2240737100CE,07-04-2022 12:24,,BUY,,,,,07-04-2022 12:28,786.95,804.8,BUY,closed,stop loss hit,17.85,SMA
-1,BANKNIFTY2240737100CE,07-04-2022 12:51,,BUY,,,,,07-04-2022 12:55,781.6,785.75,BUY,closed,stop loss hit,4.15,SMA
-1,BANKNIFTY2240737100CE,07-04-2022 12:57,,BUY,,,,,07-04-2022 13:01,761.65,770.7,BUY,closed,stop loss hit,9.05,SMA
-1,BANKNIFTY2240737100CE,07-04-2022 13:07,,BUY,,,,,07-04-2022 13:11,717.15,772.3,BUY,closed,stop loss hit,55.15,SMA
-1,BANKNIFTY2240737100CE,07-04-2022 13:29,,BUY,,,,,07-04-2022 13:31,706.1,672.15,BUY,closed,stop loss hit,-33.95,SMA
-1,BANKNIFTY2240737100CE,07-04-2022 13:38,,BUY,,,,,07-04-2022 13:42,657.9,622.8,BUY,closed,stop loss hit,-35.1,SMA
-1,BANKNIFTY2240737700PE,07-04-2022 14:30,,BUY,,,,,07-04-2022 14:36,110.15,100.9,BUY,closed,stop loss hit,-9.25,SMA
-1,BANKNIFTY2240737700PE,07-04-2022 09:40,,BUY,,,,,07-04-2022 09:55,222.75,235.8,BUY,closed,stop loss hit,13.05,SMA
-1,BANKNIFTY2242137200PE,18-04-2022 09:35,,BUY,,,,,18-04-2022 09:44,509.95,492.05,BUY,closed,stop loss hit,-17.9,SMA
-1,BANKNIFTY2242137200PE,18-04-2022 11:09,,BUY,,,,,18-04-2022 11:15,607.15,585.95,BUY,closed,stop loss hit,-21.2,SMA
-1,BANKNIFTY2242136600CE,18-04-2022 12:07,,BUY,,,,,18-04-2022 12:25,468.0,449.75,BUY,closed,stop loss hit,-18.25,SMA
-1,BANKNIFTY2242136600CE,18-04-2022 12:33,,BUY,,,,,18-04-2022 12:52,427.1,423.4,BUY,closed,stop loss hit,-3.7,SMA
-1,BANKNIFTY2242137200PE,18-04-2022 13:19,,BUY,,,,,18-04-2022 13:22,748.6,716.8,BUY,closed,stop loss hit,-31.8,SMA
-1,BANKNIFTY2242137200PE,18-04-2022 13:56,,BUY,,,,,18-04-2022 13:57,689.5,668.45,BUY,closed,stop loss hit,-21.05,SMA
-1,BANKNIFTY2242136500CE,19-04-2022 09:45,,BUY,,,,,19-04-2022 09:47,460.75,432.0,BUY,closed,stop loss hit,-28.75,SMA
-1,BANKNIFTY2242136500CE,19-04-2022 10:19,,BUY,,,,,19-04-2022 10:33,414.4,427.25,BUY,closed,stop loss hit,12.85,SMA
-1,BANKNIFTY2242137100PE,19-04-2022 10:40,,BUY,,,,,19-04-2022 10:55,476.25,473.25,BUY,closed,stop loss hit,-3.0,SMA
-1,BANKNIFTY2242137100PE,19-04-2022 11:13,,BUY,,,,,19-04-2022 11:15,461.55,429.85,BUY,closed,stop loss hit,-31.7,SMA
-1,BANKNIFTY2242137100PE,19-04-2022 11:23,,BUY,,,,,19-04-2022 11:32,418.9,450.5,BUY,closed,stop loss hit,31.6,SMA
-1,BANKNIFTY2242136500CE,19-04-2022 12:33,,BUY,,,,,19-04-2022 12:41,557.5,537.0,BUY,closed,stop loss hit,-20.5,SMA
-1,BANKNIFTY2242136500CE,19-04-2022 12:43,,BUY,,,,,19-04-2022 12:52,518.65,520.0,BUY,closed,stop loss hit,1.35,SMA
-1,BANKNIFTY2242136500CE,19-04-2022 12:57,,BUY,,,,,19-04-2022 13:00,507.1,483.05,BUY,closed,stop loss hit,-24.05,SMA
-1,BANKNIFTY2242136500CE,19-04-2022 13:12,,BUY,,,,,19-04-2022 13:23,453.0,488.0,BUY,closed,stop loss hit,35.0,SMA
-1,BANKNIFTY2242137100PE,19-04-2022 14:01,,BUY,,,,,19-04-2022 14:07,259.0,233.25,BUY,closed,stop loss hit,-25.75,SMA
-1,BANKNIFTY2242136500CE,19-04-2022 14:18,,BUY,,,,,19-04-2022 14:23,641.3,603.55,BUY,closed,stop loss hit,-37.75,SMA
-1,BANKNIFTY2242136500CE,19-04-2022 14:54,,BUY,,,,,19-04-2022 14:55,494.0,462.0,BUY,closed,stop loss hit,-32.0,SMA
-1,BANKNIFTY2242136600PE,20-04-2022 09:40,,BUY,,,,,20-04-2022 09:49,330.55,375.0,BUY,closed,stop loss hit,44.45,SMA
-1,BANKNIFTY2242136600PE,20-04-2022 12:38,,BUY,,,,,20-04-2022 12:49,270.0,267.9,BUY,closed,stop loss hit,-2.1,SMA
-1,BANKNIFTY2242136000CE,20-04-2022 13:14,,BUY,,,,,20-04-2022 13:15,479.1,412.1,BUY,closed,stop loss hit,-67.0,SMA
-1,BANKNIFTY2242136000CE,20-04-2022 13:36,,BUY,,,,,20-04-2022 13:45,435.55,434.25,BUY,closed,stop loss hit,-1.3,SMA
-1,BANKNIFTY2242136000CE,20-04-2022 13:56,,BUY,,,,,20-04-2022 14:01,330.05,325.85,BUY,closed,stop loss hit,-4.2,SMA
-1,BANKNIFTY2242136600PE,20-04-2022 14:47,,BUY,,,,,20-04-2022 14:48,331.3,290.85,BUY,closed,stop loss hit,-40.45,SMA
-1,BANKNIFTY2242136200CE,21-04-2022 10:02,,BUY,,,,,21-04-2022 10:09,336.3,328.65,BUY,closed,stop loss hit,-7.65,SMA
-1,BANKNIFTY2242136200CE,21-04-2022 10:12,,BUY,,,,,21-04-2022 10:24,332.55,283.15,BUY,closed,stop loss hit,-49.4,SMA
-1,BANKNIFTY2242136200CE,21-04-2022 10:28,,BUY,,,,,21-04-2022 10:50,291.7,334.25,BUY,closed,stop loss hit,42.55,SMA
-1,BANKNIFTY2242136800PE,21-04-2022 11:04,,BUY,,,,,21-04-2022 11:08,279.5,258.75,BUY,closed,stop loss hit,-20.75,SMA
-1,BANKNIFTY2242136200CE,21-04-2022 11:48,,BUY,,,,,21-04-2022 12:04,378.9,400.0,BUY,closed,stop loss hit,21.1,SMA
-1,BANKNIFTY2242136200CE,21-04-2022 12:18,,BUY,,,,,21-04-2022 12:30,398.9,381.1,BUY,closed,stop loss hit,-17.8,SMA
-1,BANKNIFTY2242136200CE,21-04-2022 13:59,,BUY,,,,,21-04-2022 14:19,410.65,475.95,BUY,closed,stop loss hit,65.3,SMA
-1,BANKNIFTY2250536700PE,22-04-2022 09:53,,BUY,,,,,22-04-2022 10:19,701.45,739.45,BUY,closed,stop loss hit,38.0,SMA
-1,BANKNIFTY2250536700PE,22-04-2022 10:30,,BUY,,,,,22-04-2022 10:55,721.3,700.0,BUY,closed,stop loss hit,-21.3,SMA
-1,BANKNIFTY2250536100CE,22-04-2022 11:28,,BUY,,,,,22-04-2022 12:13,799.95,805.0,BUY,closed,stop loss hit,5.05,SMA
-1,BANKNIFTY2250536100CE,22-04-2022 12:30,,BUY,,,,,22-04-2022 12:51,774.0,789.65,BUY,closed,stop loss hit,15.65,SMA
-1,BANKNIFTY2250536700PE,22-04-2022 14:18,,BUY,,,,,22-04-2022 14:19,869.9,841.2,BUY,closed,stop loss hit,-28.7,SMA
-1,BANKNIFTY2250536200PE,25-04-2022 09:31,,BUY,,,,,25-04-2022 09:33,814.5,757.0,BUY,closed,stop loss hit,-57.5,SMA
-1,BANKNIFTY2250536200PE,25-04-2022 09:36,,BUY,,,,,25-04-2022 09:55,759.75,781.7,BUY,closed,stop loss hit,21.95,SMA
-1,BANKNIFTY2250536200PE,25-04-2022 10:05,,BUY,,,,,25-04-2022 10:07,742.9,681.6,BUY,closed,stop loss hit,-61.3,SMA
-1,BANKNIFTY2250535600CE,25-04-2022 11:44,,BUY,,,,,25-04-2022 12:14,869.0,920.0,BUY,closed,stop loss hit,51.0,SMA
-1,BANKNIFTY2250536200PE,25-04-2022 12:48,,BUY,,,,,25-04-2022 12:55,701.15,692.35,BUY,closed,stop loss hit,-8.8,SMA
-1,BANKNIFTY2250536200PE,25-04-2022 13:05,,BUY,,,,,25-04-2022 13:08,684.05,665.0,BUY,closed,stop loss hit,-19.05,SMA
-1,BANKNIFTY2250536200PE,25-04-2022 13:14,,BUY,,,,,25-04-2022 13:16,630.0,594.7,BUY,closed,stop loss hit,-35.3,SMA
-1,BANKNIFTY2250535600CE,25-04-2022 14:21,,BUY,,,,,25-04-2022 14:23,904.55,883.4,BUY,closed,stop loss hit,-21.15,SMA
-1,BANKNIFTY2250536800PE,26-04-2022 11:19,,BUY,,,,,26-04-2022 11:39,671.05,649.3,BUY,closed,stop loss hit,-21.75,SMA
-1,BANKNIFTY2250536200CE,26-04-2022 12:14,,BUY,,,,,26-04-2022 12:47,723.1,688.0,BUY,closed,stop loss hit,-35.1,SMA
-1,BANKNIFTY2250536800PE,26-04-2022 13:22,,BUY,,,,,26-04-2022 13:36,737.1,710.7,BUY,closed,stop loss hit,-26.4,SMA
-1,BANKNIFTY2250536800PE,26-04-2022 13:48,,BUY,,,,,26-04-2022 14:06,675.0,675.1,BUY,closed,stop loss hit,0.1,SMA
-1,BANKNIFTY2250536400PE,27-04-2022 10:47,,BUY,,,,,27-04-2022 11:12,673.5,654.55,BUY,closed,stop loss hit,-18.95,SMA
-1,BANKNIFTY2250536400PE,27-04-2022 11:57,,BUY,,,,,27-04-2022 12:20,740.0,742.25,BUY,closed,stop loss hit,2.25,SMA
-1,BANKNIFTY2250536400PE,27-04-2022 13:21,,BUY,,,,,27-04-2022 13:22,805.0,777.7,BUY,closed,stop loss hit,-27.3,SMA
-1,BANKNIFTY2250536400PE,27-04-2022 13:47,,BUY,,,,,27-04-2022 14:06,698.6,735.15,BUY,closed,stop loss hit,36.55,SMA
-1,BANKNIFTY2250535800CE,27-04-2022 14:22,,BUY,,,,,27-04-2022 14:46,608.0,696.0,BUY,closed,stop loss hit,88.0,SMA
-1,BANKNIFTY2250535800CE,28-04-2022 09:48,,BUY,,,,,28-04-2022 10:10,647.0,638.0,BUY,closed,stop loss hit,-9.0,SMA
-1,BANKNIFTY2250535800CE,28-04-2022 10:15,,BUY,,,,,28-04-2022 10:25,640.0,601.05,BUY,closed,stop loss hit,-38.95,SMA
-1,BANKNIFTY2250536400PE,28-04-2022 10:56,,BUY,,,,,28-04-2022 11:18,647.5,642.45,BUY,closed,stop loss hit,-5.05,SMA
-1,BANKNIFTY2250536400PE,28-04-2022 11:29,,BUY,,,,,28-04-2022 11:35,616.7,601.0,BUY,closed,stop loss hit,-15.7,SMA
-1,BANKNIFTY2250536400PE,28-04-2022 11:49,,BUY,,,,,28-04-2022 12:00,583.8,575.0,BUY,closed,stop loss hit,-8.8,SMA
-1,BANKNIFTY2250536300CE,29-04-2022 09:45,,BUY,,,,,29-04-2022 09:47,499.3,476.0,BUY,closed,stop loss hit,-23.3,SMA
-1,BANKNIFTY2250536900PE,29-04-2022 11:17,,BUY,,,,,29-04-2022 11:26,579.25,567.85,BUY,closed,stop loss hit,-11.4,SMA
-1,BANKNIFTY2250536300CE,29-04-2022 12:04,,BUY,,,,,29-04-2022 12:13,597.35,601.75,BUY,closed,stop loss hit,4.4,SMA
-1,BANKNIFTY2250536300CE,29-04-2022 13:20,,BUY,,,,,29-04-2022 13:36,582.2,584.9,BUY,closed,stop loss hit,2.7,SMA
-1,BANKNIFTY2250536300CE,29-04-2022 13:57,,BUY,,,,,29-04-2022 14:05,525.5,526.85,BUY,closed,stop loss hit,1.35,SMA
-1,BANKNIFTY2250536300CE,29-04-2022 14:06,,BUY,,,,,29-04-2022 14:07,505.95,480.2,BUY,closed,stop loss hit,-25.75,SMA
-1,BANKNIFTY2250536300CE,29-04-2022 14:10,,BUY,,,,,29-04-2022 14:16,496.6,463.45,BUY,closed,stop loss hit,-33.15,SMA
-1,BANKNIFTY2250536900PE,29-04-2022 14:54,,BUY,,,,,29-04-2022 14:57,675.75,680.35,BUY,closed,stop loss hit,4.6,SMA
-1,BANKNIFTY2250536200PE,02-05-2022 10:38,,BUY,,,,,02-05-2022 11:02,493.0,536.65,BUY,closed,stop loss hit,43.65,SMA
-1,BANKNIFTY2250536200PE,02-05-2022 11:14,,BUY,,,,,02-05-2022 11:22,526.95,518.75,BUY,closed,stop loss hit,-8.2,SMA
-1,BANKNIFTY2250536200PE,02-05-2022 11:35,,BUY,,,,,02-05-2022 11:42,497.9,503.85,BUY,closed,stop loss hit,5.95,SMA
-1,BANKNIFTY2250536200PE,02-05-2022 12:10,,BUY,,,,,02-05-2022 12:23,497.2,460.1,BUY,closed,stop loss hit,-37.1,SMA
-1,BANKNIFTY2250535600CE,02-05-2022 12:47,,BUY,,,,,02-05-2022 12:48,594.1,545.95,BUY,closed,stop loss hit,-48.15,SMA
-1,BANKNIFTY2250535600CE,02-05-2022 13:28,,BUY,,,,,02-05-2022 13:35,528.65,575.0,BUY,closed,stop loss hit,46.35,SMA
-1,BANKNIFTY2250536200PE,02-05-2022 14:46,,BUY,,,,,02-05-2022 14:47,382.75,354.9,BUY,closed,stop loss hit,-27.85,SMA
-1,BANKNIFTY2250536000CE,04-05-2022 09:42,,BUY,,,,,04-05-2022 09:56,384.6,385.85,BUY,closed,stop loss hit,1.25,SMA
-1,BANKNIFTY2250536000CE,04-05-2022 10:02,,BUY,,,,,04-05-2022 10:05,373.1,352.0,BUY,closed,stop loss hit,-21.1,SMA
-1,BANKNIFTY2250536000CE,04-05-2022 10:23,,BUY,,,,,04-05-2022 10:29,328.0,316.75,BUY,closed,stop loss hit,-11.25,SMA
-1,BANKNIFTY2250536600PE,04-05-2022 11:00,,BUY,,,,,04-05-2022 11:04,558.2,558.25,BUY,closed,stop loss hit,0.05,SMA
-1,BANKNIFTY2250536600PE,04-05-2022 11:23,,BUY,,,,,04-05-2022 11:48,540.25,554.15,BUY,closed,stop loss hit,13.9,SMA
-1,BANKNIFTY2250536600PE,04-05-2022 13:12,,BUY,,,,,04-05-2022 13:15,741.4,699.05,BUY,closed,stop loss hit,-42.35,SMA
-1,BANKNIFTY2250536600PE,04-05-2022 13:16,,BUY,,,,,04-05-2022 13:17,693.8,668.65,BUY,closed,stop loss hit,-25.15,SMA
-1,BANKNIFTY2250536600PE,04-05-2022 13:20,,BUY,,,,,04-05-2022 13:21,660.0,628.1,BUY,closed,stop loss hit,-31.9,SMA
-1,BANKNIFTY2250536600PE,04-05-2022 13:25,,BUY,,,,,04-05-2022 13:28,638.45,637.1,BUY,closed,stop loss hit,-1.35,SMA
-1,BANKNIFTY2250536000CE,04-05-2022 14:08,,BUY,,,,,04-05-2022 14:18,150.1,148.95,BUY,closed,stop loss hit,-1.15,SMA
-1,BANKNIFTY2250536000CE,04-05-2022 14:35,,BUY,,,,,04-05-2022 14:41,110.0,94.05,BUY,closed,stop loss hit,-15.95,SMA
-1,BANKNIFTY2250536000PE,05-05-2022 09:38,,BUY,,,,,05-05-2022 09:42,360.4,348.65,BUY,closed,stop loss hit,-11.75,SMA
-1,BANKNIFTY2250535400CE,05-05-2022 11:19,,BUY,,,,,05-05-2022 11:27,447.0,446.0,BUY,closed,stop loss hit,-1.0,SMA
-1,BANKNIFTY2250535400CE,05-05-2022 11:40,,BUY,,,,,05-05-2022 11:44,376.0,357.65,BUY,closed,stop loss hit,-18.35,SMA
-1,BANKNIFTY2250535400CE,05-05-2022 11:58,,BUY,,,,,05-05-2022 11:59,302.45,278.8,BUY,closed,stop loss hit,-23.65,SMA
-1,BANKNIFTY2250535400CE,05-05-2022 12:01,,BUY,,,,,05-05-2022 12:09,276.05,310.45,BUY,closed,stop loss hit,34.4,SMA
-1,BANKNIFTY2250536000PE,05-05-2022 12:25,,BUY,,,,,05-05-2022 12:31,271.35,280.2,BUY,closed,stop loss hit,8.85,SMA
-1,BANKNIFTY2250536000PE,05-05-2022 12:34,,BUY,,,,,05-05-2022 12:48,212.85,286.0,BUY,closed,stop loss hit,73.15,SMA
-1,BANKNIFTY2250536000PE,05-05-2022 13:31,,BUY,,,,,05-05-2022 13:45,329.3,512.95,BUY,closed,stop loss hit,183.65,SMA
-1,BANKNIFTY2251234900PE,06-05-2022 10:57,,BUY,,,,,06-05-2022 14:50,216.55,216.55,BUY,closed,EOD exit,0.0,SMA
-1,BANKNIFTY2251234300PE,09-05-2022 09:49,,BUY,,,,,09-05-2022 14:50,124.0,124.0,BUY,closed,EOD exit,0.0,SMA
-1,BANKNIFTY2251234000CE,10-05-2022 09:55,,BUY,,,,,10-05-2022 14:50,2130.0,2130.0,BUY,closed,EOD exit,0.0,SMA
-1,BANKNIFTY2251235000PE,11-05-2022 10:48,,BUY,,,,,11-05-2022 14:50,245.65,245.65,BUY,closed,EOD exit,0.0,SMA
-1,BANKNIFTY2251234300PE,12-05-2022 11:36,,BUY,,,,,12-05-2022 14:50,124.0,124.0,BUY,closed,EOD exit,0.0,SMA
-1,BANKNIFTY2260235900PE,01-06-2022 09:32,,BUY,,,,,01-06-2022 09:49,418.85,421.35,BUY,closed,stop loss hit,2.5,SMA
-1,BANKNIFTY2260235900PE,01-06-2022 10:11,,BUY,,,,,01-06-2022 10:23,437.1,415.35,BUY,closed,stop loss hit,-21.75,SMA
-1,BANKNIFTY2260235300CE,01-06-2022 12:02,,BUY,,,,,01-06-2022 12:10,446.5,453.05,BUY,closed,stop loss hit,6.55,SMA
-1,BANKNIFTY2260235900PE,01-06-2022 13:58,,BUY,,,,,01-06-2022 14:03,489.05,472.2,BUY,closed,stop loss hit,-16.85,SMA
-1,BANKNIFTY2260235900PE,01-06-2022 09:32,,BUY,,,,,01-06-2022 09:49,418.85,421.35,BUY,closed,stop loss hit,2.5,Supertrend
-1,BANKNIFTY2260235900PE,01-06-2022 10:11,,BUY,,,,,01-06-2022 10:23,437.1,415.35,BUY,closed,stop loss hit,-21.75,Supertrend
-1,BANKNIFTY2260235300CE,01-06-2022 12:02,,BUY,,,,,01-06-2022 12:10,446.5,453.05,BUY,closed,stop loss hit,6.55,Supertrend
-1,BANKNIFTY2260235900PE,01-06-2022 13:58,,BUY,,,,,01-06-2022 14:03,489.05,472.2,BUY,closed,stop loss hit,-16.85,Supertrend
-1,BANKNIFTY2260235200CE,02-06-2022 10:25,,BUY,,,,,02-06-2022 10:40,366.65,405.5,BUY,closed,stop loss hit,38.85,Supertrend
-1,BANKNIFTY2260235800PE,02-06-2022 12:30,,BUY,,,,,02-06-2022 12:34,303.05,270.3,BUY,closed,stop loss hit,-32.75,Supertrend
-1,BANKNIFTY2260235800PE,02-06-2022 13:34,,BUY,,,,,02-06-2022 13:38,285.6,317.7,BUY,closed,stop loss hit,32.1,Supertrend
-1,BANKNIFTY2260235200CE,02-06-2022 14:29,,BUY,,,,,02-06-2022 14:33,328.4,310.3,BUY,closed,stop loss hit,-18.1,Supertrend
-1,BANKNIFTY2260935500CE,03-06-2022 09:30,,BUY,,,,,03-06-2022 09:33,638.5,622.65,BUY,closed,stop loss hit,-15.85,Supertrend
-1,BANKNIFTY2260936100PE,03-06-2022 11:02,,BUY,,,,,03-06-2022 11:29,621.15,616.55,BUY,closed,stop loss hit,-4.6,Supertrend
-1,BANKNIFTY2260936100PE,03-06-2022 12:47,,BUY,,,,,03-06-2022 12:58,675.0,721.15,BUY,closed,stop loss hit,46.15,Supertrend
-1,BANKNIFTY2260936100PE,03-06-2022 14:07,,BUY,,,,,03-06-2022 14:16,724.0,717.7,BUY,closed,stop loss hit,-6.3,Supertrend
-1,BANKNIFTY2260935500PE,06-06-2022 09:50,,BUY,,,,,06-06-2022 10:00,531.75,504.8,BUY,closed,stop loss hit,-26.95,Supertrend
-1,BANKNIFTY2260935500PE,06-06-2022 10:24,,BUY,,,,,06-06-2022 10:49,480.35,505.8,BUY,closed,stop loss hit,25.45,Supertrend
-1,BANKNIFTY2260935500PE,06-06-2022 10:55,,BUY,,,,,06-06-2022 11:38,470.25,512.3,BUY,closed,stop loss hit,42.05,Supertrend
-1,BANKNIFTY2260935500PE,06-06-2022 12:00,,BUY,,,,,06-06-2022 12:03,490.1,466.9,BUY,closed,stop loss hit,-23.2,Supertrend
-1,BANKNIFTY2260934900CE,06-06-2022 14:26,,BUY,,,,,06-06-2022 14:36,619.05,647.75,BUY,closed,stop loss hit,28.7,Supertrend
-1,BANKNIFTY2260935300PE,07-06-2022 10:07,,BUY,,,,,07-06-2022 10:27,422.6,397.15,BUY,closed,stop loss hit,-25.45,Supertrend
-1,BANKNIFTY2260935300PE,07-06-2022 12:22,,BUY,,,,,07-06-2022 12:39,450.4,473.05,BUY,closed,stop loss hit,22.65,Supertrend
-1,BANKNIFTY2260935300PE,07-06-2022 14:27,,BUY,,,,,07-06-2022 14:28,525.2,502.3,BUY,closed,stop loss hit,-22.9,Supertrend
-1,BANKNIFTY2260934800CE,08-06-2022 09:59,,BUY,,,,,08-06-2022 10:04,411.7,392.05,BUY,closed,stop loss hit,-19.65,Supertrend
-1,BANKNIFTY2260934800CE,08-06-2022 10:05,,BUY,,,,,08-06-2022 10:06,353.5,328.15,BUY,closed,stop loss hit,-25.35,Supertrend
-1,BANKNIFTY2260934800CE,08-06-2022 11:01,,BUY,,,,,08-06-2022 11:09,628.0,604.3,BUY,closed,stop loss hit,-23.7,Supertrend
-1,BANKNIFTY2260934800CE,08-06-2022 11:15,,BUY,,,,,08-06-2022 11:26,551.65,564.45,BUY,closed,stop loss hit,12.8,Supertrend
-1,BANKNIFTY2260934800CE,08-06-2022 12:22,,BUY,,,,,08-06-2022 12:37,566.4,549.55,BUY,closed,stop loss hit,-16.85,Supertrend
-1,BANKNIFTY2260935000PE,09-06-2022 09:54,,BUY,,,,,09-06-2022 10:17,265.55,316.2,BUY,closed,stop loss hit,50.65,Supertrend
-1,BANKNIFTY2260935000PE,09-06-2022 10:28,,BUY,,,,,09-06-2022 10:30,245.0,224.45,BUY,closed,stop loss hit,-20.55,Supertrend
-1,BANKNIFTY2260934400CE,09-06-2022 11:14,,BUY,,,,,09-06-2022 11:24,429.7,410.35,BUY,closed,stop loss hit,-19.35,Supertrend
-1,BANKNIFTY2260934400CE,09-06-2022 11:25,,BUY,,,,,09-06-2022 11:33,406.75,390.15,BUY,closed,stop loss hit,-16.6,Supertrend
-1,BANKNIFTY2260934400CE,09-06-2022 11:54,,BUY,,,,,09-06-2022 12:41,392.4,519.5,BUY,closed,stop loss hit,127.1,Supertrend
-1,BANKNIFTY2260935000PE,09-06-2022 12:42,,BUY,,,,,09-06-2022 13:09,137.05,232.15,BUY,closed,stop loss hit,95.1,Supertrend
-1,BANKNIFTY2260934400CE,09-06-2022 13:13,,BUY,,,,,09-06-2022 13:26,379.2,398.8,BUY,closed,stop loss hit,19.6,Supertrend
-1,BANKNIFTY2260935000PE,09-06-2022 14:19,,BUY,,,,,09-06-2022 14:27,122.45,97.5,BUY,closed,stop loss hit,-24.95,Supertrend
-1,BANKNIFTY2260935000PE,09-06-2022 14:31,,BUY,,,,,09-06-2022 14:38,102.9,118.65,BUY,closed,stop loss hit,15.75,Supertrend
-1,BANKNIFTY2261634900PE,10-06-2022 10:21,,BUY,,,,,10-06-2022 11:01,514.0,521.65,BUY,closed,stop loss hit,7.65,Supertrend
-1,BANKNIFTY2261634300CE,10-06-2022 11:28,,BUY,,,,,10-06-2022 11:29,582.15,546.95,BUY,closed,stop loss hit,-35.2,Supertrend
-1,BANKNIFTY2261634900PE,10-06-2022 12:06,,BUY,,,,,10-06-2022 12:45,550.0,610.0,BUY,closed,stop loss hit,60.0,Supertrend
-1,BANKNIFTY2261634900PE,10-06-2022 13:45,,BUY,,,,,10-06-2022 14:09,588.7,639.4,BUY,closed,stop loss hit,50.7,Supertrend
-1,BANKNIFTY2261634900PE,10-06-2022 14:42,,BUY,,,,,10-06-2022 14:45,665.75,641.15,BUY,closed,stop loss hit,-24.6,Supertrend
-1,BANKNIFTY2261634900PE,10-06-2022 14:46,,BUY,,,,,10-06-2022 14:50,617.2,639.0,BUY,closed,EOD exit,21.8,Supertrend
-1,BANKNIFTY2261633700PE,13-06-2022 10:31,,BUY,,,,,13-06-2022 10:51,585.45,575.5,BUY,closed,stop loss hit,-9.95,Supertrend
-1,BANKNIFTY2261633700PE,13-06-2022 11:04,,BUY,,,,,13-06-2022 11:25,560.0,546.55,BUY,closed,stop loss hit,-13.45,Supertrend
-1,BANKNIFTY2261633700PE,13-06-2022 13:19,,BUY,,,,,13-06-2022 13:37,579.45,553.95,BUY,closed,stop loss hit,-25.5,Supertrend
-1,BANKNIFTY2261633700PE,13-06-2022 14:32,,BUY,,,,,13-06-2022 14:35,586.2,567.0,BUY,closed,stop loss hit,-19.2,Supertrend
-1,BANKNIFTY2261632800CE,14-06-2022 09:32,,BUY,,,,,14-06-2022 09:52,579.1,655.2,BUY,closed,stop loss hit,76.1,Supertrend
-1,BANKNIFTY2261633400PE,14-06-2022 10:09,,BUY,,,,,14-06-2022 10:17,351.5,340.0,BUY,closed,stop loss hit,-11.5,Supertrend
-1,BANKNIFTY2261633400PE,14-06-2022 10:34,,BUY,,,,,14-06-2022 10:43,316.25,290.05,BUY,closed,stop loss hit,-26.2,Supertrend
-1,BANKNIFTY2261632800CE,14-06-2022 11:46,,BUY,,,,,14-06-2022 11:50,866.55,851.95,BUY,closed,stop loss hit,-14.6,Supertrend
-1,BANKNIFTY2261632800CE,14-06-2022 11:59,,BUY,,,,,14-06-2022 12:15,821.3,837.65,BUY,closed,stop loss hit,16.35,Supertrend
-1,BANKNIFTY2261632800CE,14-06-2022 12:22,,BUY,,,,,14-06-2022 12:24,792.85,760.15,BUY,closed,stop loss hit,-32.7,Supertrend
-1,BANKNIFTY2261633400PE,14-06-2022 13:13,,BUY,,,,,14-06-2022 13:21,321.75,290.7,BUY,closed,stop loss hit,-31.05,Supertrend
-1,BANKNIFTY2261633000CE,15-06-2022 09:44,,BUY,,,,,15-06-2022 10:01,430.45,466.3,BUY,closed,stop loss hit,35.85,Supertrend
-1,BANKNIFTY2261633000CE,15-06-2022 10:53,,BUY,,,,,15-06-2022 11:01,475.3,449.2,BUY,closed,stop loss hit,-26.1,Supertrend
-1,BANKNIFTY2261633600PE,15-06-2022 12:00,,BUY,,,,,15-06-2022 12:23,338.85,335.5,BUY,closed,stop loss hit,-3.35,Supertrend
-1,BANKNIFTY2261633000CE,15-06-2022 13:02,,BUY,,,,,15-06-2022 13:17,537.7,548.4,BUY,closed,stop loss hit,10.7,Supertrend
-1,BANKNIFTY2261633000CE,15-06-2022 13:27,,BUY,,,,,15-06-2022 13:32,539.85,521.3,BUY,closed,stop loss hit,-18.55,Supertrend
-1,BANKNIFTY2261633400CE,16-06-2022 09:45,,BUY,,,,,16-06-2022 09:49,264.5,246.05,BUY,closed,stop loss hit,-18.45,Supertrend
-1,BANKNIFTY2261633400CE,16-06-2022 10:23,,BUY,,,,,16-06-2022 10:38,213.9,210.0,BUY,closed,stop loss hit,-3.9,Supertrend
-1,BANKNIFTY2261633400CE,16-06-2022 10:50,,BUY,,,,,16-06-2022 11:02,171.15,160.5,BUY,closed,stop loss hit,-10.65,Supertrend
-1,BANKNIFTY2262332600PE,17-06-2022 09:41,,BUY,,,,,17-06-2022 09:42,455.1,408.15,BUY,closed,stop loss hit,-46.95,Supertrend
-1,BANKNIFTY2262332600PE,17-06-2022 09:55,,BUY,,,,,17-06-2022 09:59,405.1,390.45,BUY,closed,stop loss hit,-14.65,Supertrend
-1,BANKNIFTY2262332600PE,17-06-2022 10:38,,BUY,,,,,17-06-2022 10:52,410.95,438.75,BUY,closed,stop loss hit,27.8,Supertrend
-1,BANKNIFTY2262332600PE,17-06-2022 12:00,,BUY,,,,,17-06-2022 12:09,454.7,449.2,BUY,closed,stop loss hit,-5.5,Supertrend
-1,BANKNIFTY2262332600PE,17-06-2022 12:19,,BUY,,,,,17-06-2022 12:28,430.5,408.75,BUY,closed,stop loss hit,-21.75,Supertrend
-1,BANKNIFTY2262332000CE,17-06-2022 13:09,,BUY,,,,,17-06-2022 13:10,917.9,897.4,BUY,closed,stop loss hit,-20.5,Supertrend
-1,BANKNIFTY2262332000CE,17-06-2022 13:13,,BUY,,,,,17-06-2022 13:20,877.75,863.8,BUY,closed,stop loss hit,-13.95,Supertrend
-1,BANKNIFTY2262332600PE,17-06-2022 14:34,,BUY,,,,,17-06-2022 14:38,421.0,402.55,BUY,closed,stop loss hit,-18.45,Supertrend
-1,BANKNIFTY2262332600PE,17-06-2022 14:51,,BUY,,,,,17-06-2022 14:54,379.05,337.4,BUY,closed,stop loss hit,-41.65,Supertrend
-1,BANKNIFTY2262332400CE,20-06-2022 09:36,,BUY,,,,,20-06-2022 09:39,539.15,503.25,BUY,closed,stop loss hit,-35.9,Supertrend
-1,BANKNIFTY2262333000PE,20-06-2022 11:56,,BUY,,,,,20-06-2022 12:02,483.5,484.25,BUY,closed,stop loss hit,0.75,Supertrend
-1,BANKNIFTY2262333000PE,20-06-2022 12:03,,BUY,,,,,20-06-2022 12:08,476.65,465.0,BUY,closed,stop loss hit,-11.65,Supertrend
-1,BANKNIFTY2262332400CE,20-06-2022 12:46,,BUY,,,,,20-06-2022 12:50,562.6,542.35,BUY,closed,stop loss hit,-20.25,Supertrend
-1,BANKNIFTY2262332400CE,20-06-2022 13:18,,BUY,,,,,20-06-2022 13:42,496.95,536.15,BUY,closed,stop loss hit,39.2,Supertrend
-1,BANKNIFTY2262332600CE,21-06-2022 13:44,,BUY,,,,,21-06-2022 13:45,972.0,937.7,BUY,closed,stop loss hit,-34.3,Supertrend
-1,BANKNIFTY2262332600CE,21-06-2022 13:48,,BUY,,,,,21-06-2022 13:52,936.05,940.0,BUY,closed,stop loss hit,3.95,Supertrend
-1,BANKNIFTY2262332600CE,21-06-2022 14:45,,BUY,,,,,21-06-2022 14:46,839.6,791.6,BUY,closed,stop loss hit,-48.0,Supertrend
-1,BANKNIFTY2262333100PE,22-06-2022 10:17,,BUY,,,,,22-06-2022 10:31,322.55,306.0,BUY,closed,stop loss hit,-16.55,Supertrend
-1,BANKNIFTY2262333100PE,22-06-2022 10:35,,BUY,,,,,22-06-2022 10:52,272.05,285.8,BUY,closed,stop loss hit,13.75,Supertrend
-1,BANKNIFTY2262333100PE,22-06-2022 10:59,,BUY,,,,,22-06-2022 11:27,260.2,327.9,BUY,closed,stop loss hit,67.7,Supertrend
-1,BANKNIFTY2262332500CE,22-06-2022 11:47,,BUY,,,,,22-06-2022 11:50,447.7,427.05,BUY,closed,stop loss hit,-20.65,Supertrend
-1,BANKNIFTY2262332500CE,22-06-2022 11:55,,BUY,,,,,22-06-2022 12:17,431.7,445.3,BUY,closed,stop loss hit,13.6,Supertrend
-1,BANKNIFTY2262333100PE,22-06-2022 12:26,,BUY,,,,,22-06-2022 12:29,323.75,295.35,BUY,closed,stop loss hit,-28.4,Supertrend
-1,BANKNIFTY2262333100PE,22-06-2022 14:05,,BUY,,,,,22-06-2022 14:06,331.75,300.0,BUY,closed,stop loss hit,-31.75,Supertrend
-1,BANKNIFTY2262333100PE,22-06-2022 14:31,,BUY,,,,,22-06-2022 14:35,295.5,289.2,BUY,closed,stop loss hit,-6.3,Supertrend
-1,BANKNIFTY2262332800CE,23-06-2022 10:45,,BUY,,,,,23-06-2022 10:49,559.45,558.6,BUY,closed,stop loss hit,-0.85,Supertrend
-1,BANKNIFTY2262332800CE,23-06-2022 10:53,,BUY,,,,,23-06-2022 11:08,555.25,585.7,BUY,closed,stop loss hit,30.45,Supertrend
-1,BANKNIFTY2262332800CE,23-06-2022 11:32,,BUY,,,,,23-06-2022 11:36,517.3,478.3,BUY,closed,stop loss hit,-39.0,Supertrend
-1,BANKNIFTY2262332800CE,23-06-2022 11:40,,BUY,,,,,23-06-2022 11:43,474.95,468.95,BUY,closed,stop loss hit,-6.0,Supertrend
-1,BANKNIFTY2262333400PE,23-06-2022 13:31,,BUY,,,,,23-06-2022 13:32,571.25,500.7,BUY,closed,stop loss hit,-70.55,Supertrend
-1,BANKNIFTY2262333400PE,23-06-2022 13:53,,BUY,,,,,23-06-2022 13:54,288.7,246.95,BUY,closed,stop loss hit,-41.75,Supertrend
-1,BANKNIFTY2270733300CE,24-06-2022 10:19,,BUY,,,,,24-06-2022 10:49,766.4,784.2,BUY,closed,stop loss hit,17.8,Supertrend
-1,BANKNIFTY2270733300CE,24-06-2022 11:41,,BUY,,,,,24-06-2022 11:48,764.3,748.8,BUY,closed,stop loss hit,-15.5,Supertrend
-1,BANKNIFTY2270733300CE,24-06-2022 11:53,,BUY,,,,,24-06-2022 11:54,752.4,727.85,BUY,closed,stop loss hit,-24.55,Supertrend
-1,BANKNIFTY2270733300CE,24-06-2022 11:57,,BUY,,,,,24-06-2022 12:13,720.2,734.4,BUY,closed,stop loss hit,14.2,Supertrend
-1,BANKNIFTY2270733900PE,24-06-2022 12:39,,BUY,,,,,24-06-2022 12:45,790.0,767.35,BUY,closed,stop loss hit,-22.65,Supertrend
-1,BANKNIFTY2270733900PE,24-06-2022 12:49,,BUY,,,,,24-06-2022 13:02,759.2,735.1,BUY,closed,stop loss hit,-24.1,Supertrend
-1,BANKNIFTY2270733900PE,24-06-2022 13:08,,BUY,,,,,24-06-2022 13:27,733.8,761.8,BUY,closed,stop loss hit,28.0,Supertrend
-1,BANKNIFTY2270733300CE,24-06-2022 13:44,,BUY,,,,,24-06-2022 13:54,739.6,786.0,BUY,closed,stop loss hit,46.4,Supertrend
-1,BANKNIFTY2270733800CE,27-06-2022 09:48,,BUY,,,,,27-06-2022 09:50,674.65,650.0,BUY,closed,stop loss hit,-24.65,Supertrend
-1,BANKNIFTY2270733800CE,27-06-2022 09:58,,BUY,,,,,27-06-2022 10:11,657.0,656.95,BUY,closed,stop loss hit,-0.05,Supertrend
-1,BANKNIFTY2270733800CE,27-06-2022 10:17,,BUY,,,,,27-06-2022 10:18,649.55,628.6,BUY,closed,stop loss hit,-20.95,Supertrend
-1,BANKNIFTY2270733800CE,27-06-2022 10:51,,BUY,,,,,27-06-2022 11:16,640.7,642.25,BUY,closed,stop loss hit,1.55,Supertrend
-1,BANKNIFTY2270734400PE,27-06-2022 12:31,,BUY,,,,,27-06-2022 12:37,826.6,802.5,BUY,closed,stop loss hit,-24.1,Supertrend
-1,BANKNIFTY2270734400PE,27-06-2022 12:44,,BUY,,,,,27-06-2022 12:55,820.25,790.0,BUY,closed,stop loss hit,-30.25,Supertrend
-1,BANKNIFTY2270733800CE,27-06-2022 13:59,,BUY,,,,,27-06-2022 14:07,608.1,603.15,BUY,closed,stop loss hit,-4.95,Supertrend
-1,BANKNIFTY2270733900PE,28-06-2022 09:36,,BUY,,,,,28-06-2022 10:04,635.4,690.9,BUY,closed,stop loss hit,55.5,Supertrend
-1,BANKNIFTY2270733900PE,28-06-2022 10:30,,BUY,,,,,28-06-2022 11:09,677.85,692.05,BUY,closed,stop loss hit,14.2,Supertrend
-1,BANKNIFTY2270733300CE,28-06-2022 12:07,,BUY,,,,,28-06-2022 12:46,710.55,760.0,BUY,closed,stop loss hit,49.45,Supertrend
-1,BANKNIFTY2270733300CE,28-06-2022 13:06,,BUY,,,,,28-06-2022 13:09,697.2,675.75,BUY,closed,stop loss hit,-21.45,Supertrend
-1,BANKNIFTY2270733900PE,28-06-2022 13:37,,BUY,,,,,28-06-2022 13:50,632.85,614.75,BUY,closed,stop loss hit,-18.1,Supertrend
-1,BANKNIFTY2270733900PE,28-06-2022 14:29,,BUY,,,,,28-06-2022 14:35,612.35,596.3,BUY,closed,stop loss hit,-16.05,Supertrend
-1,BANKNIFTY2270733500PE,29-06-2022 10:19,,BUY,,,,,29-06-2022 10:33,552.55,544.5,BUY,closed,stop loss hit,-8.05,Supertrend
-1,BANKNIFTY2270733500PE,29-06-2022 11:59,,BUY,,,,,29-06-2022 12:03,542.85,522.8,BUY,closed,stop loss hit,-20.05,Supertrend
-1,BANKNIFTY2270732900CE,29-06-2022 12:30,,BUY,,,,,29-06-2022 13:12,725.15,780.0,BUY,closed,stop loss hit,54.85,Supertrend
-1,BANKNIFTY2270732900CE,29-06-2022 13:25,,BUY,,,,,29-06-2022 13:45,759.15,758.25,BUY,closed,stop loss hit,-0.9,Supertrend
-1,BANKNIFTY2270732900CE,29-06-2022 13:50,,BUY,,,,,29-06-2022 14:31,758.25,760.1,BUY,closed,stop loss hit,1.85,Supertrend
-1,BANKNIFTY2270732900CE,29-06-2022 14:37,,BUY,,,,,29-06-2022 14:49,726.7,739.55,BUY,closed,stop loss hit,12.85,Supertrend
-1,BANKNIFTY2270733700PE,30-06-2022 09:37,,BUY,,,,,30-06-2022 09:40,517.8,502.15,BUY,closed,stop loss hit,-15.65,Supertrend
-1,BANKNIFTY2270733100CE,30-06-2022 10:00,,BUY,,,,,30-06-2022 10:02,736.45,710.0,BUY,closed,stop loss hit,-26.45,Supertrend
-1,BANKNIFTY2270733100CE,30-06-2022 10:19,,BUY,,,,,30-06-2022 10:30,621.65,639.9,BUY,closed,stop loss hit,18.25,Supertrend
-1,BANKNIFTY2270733100CE,30-06-2022 11:00,,BUY,,,,,30-06-2022 11:13,623.3,627.2,BUY,closed,stop loss hit,3.9,Supertrend
-1,BANKNIFTY2270733700PE,30-06-2022 11:26,,BUY,,,,,30-06-2022 11:43,567.65,575.35,BUY,closed,stop loss hit,7.7,Supertrend
-1,BANKNIFTY2270733700PE,30-06-2022 11:55,,BUY,,,,,30-06-2022 12:18,580.8,598.65,BUY,closed,stop loss hit,17.85,Supertrend
-1,BANKNIFTY2270733700PE,30-06-2022 12:28,,BUY,,,,,30-06-2022 12:37,606.3,630.0,BUY,closed,stop loss hit,23.7,Supertrend
-1,BANKNIFTY2270733700PE,30-06-2022 12:58,,BUY,,,,,30-06-2022 13:06,606.5,587.0,BUY,closed,stop loss hit,-19.5,Supertrend
-1,BANKNIFTY2270733700PE,30-06-2022 13:18,,BUY,,,,,30-06-2022 13:26,571.35,577.15,BUY,closed,stop loss hit,5.8,Supertrend
-1,BANKNIFTY2270733100CE,30-06-2022 14:43,,BUY,,,,,30-06-2022 14:50,618.75,636.05,BUY,closed,EOD exit,17.3,Supertrend
-1,BANKNIFTY2230335800PE,02-03-2022 11:24,,BUY,,,,,02-03-2022 11:41,752.3,813.25,BUY,closed,stop loss hit,60.95,Supertrend
-1,BANKNIFTY2230335800PE,02-03-2022 13:01,,BUY,,,,,02-03-2022 13:03,870.0,850.55,BUY,closed,stop loss hit,-19.45,Supertrend
-1,BANKNIFTY2230335800PE,02-03-2022 13:57,,BUY,,,,,02-03-2022 14:09,827.45,880.1,BUY,closed,stop loss hit,52.65,Supertrend
-1,BANKNIFTY2230335200CE,02-03-2022 14:20,,BUY,,,,,02-03-2022 14:35,294.75,279.3,BUY,closed,stop loss hit,-15.45,Supertrend
-1,BANKNIFTY2230335800PE,02-03-2022 14:44,,BUY,,,,,02-03-2022 14:50,881.95,890.0,BUY,closed,EOD exit,8.05,Supertrend
-1,BANKNIFTY2230335800PE,02-03-2022 14:53,,BUY,,,,,02-03-2022 14:59,901.3,905.6,BUY,closed,stop loss hit,4.3,Supertrend
-1,BANKNIFTY2230335200CE,03-03-2022 09:30,,BUY,,,,,03-03-2022 09:33,400.85,398.4,BUY,closed,stop loss hit,-2.45,Supertrend
-1,BANKNIFTY2230335200CE,03-03-2022 10:09,,BUY,,,,,03-03-2022 10:17,240.05,239.35,BUY,closed,stop loss hit,-0.7,Supertrend
-1,BANKNIFTY2230335200CE,03-03-2022 10:18,,BUY,,,,,03-03-2022 10:27,221.9,200.75,BUY,closed,stop loss hit,-21.15,Supertrend
-1,BANKNIFTY2230335200CE,03-03-2022 10:29,,BUY,,,,,03-03-2022 10:41,216.1,214.0,BUY,closed,stop loss hit,-2.1,Supertrend
-1,BANKNIFTY2230335800PE,03-03-2022 11:13,,BUY,,,,,03-03-2022 11:17,594.85,553.0,BUY,closed,stop loss hit,-41.85,Supertrend
-1,BANKNIFTY2230335200CE,03-03-2022 12:17,,BUY,,,,,03-03-2022 12:19,183.5,160.65,BUY,closed,stop loss hit,-22.85,Supertrend
-1,BANKNIFTY2230335200CE,03-03-2022 12:37,,BUY,,,,,03-03-2022 12:55,92.45,101.65,BUY,closed,stop loss hit,9.2,Supertrend
-1,BANKNIFTY2230335800PE,03-03-2022 13:45,,BUY,,,,,03-03-2022 13:53,662.85,715.0,BUY,closed,stop loss hit,52.15,Supertrend
-1,BANKNIFTY2230335800PE,03-03-2022 14:30,,BUY,,,,,03-03-2022 14:35,778.1,757.4,BUY,closed,stop loss hit,-20.7,Supertrend
-1,BANKNIFTY2231034700PE,04-03-2022 10:50,,BUY,,,,,04-03-2022 11:00,885.45,945.0,BUY,closed,stop loss hit,59.55,Supertrend
-1,BANKNIFTY2231034700PE,04-03-2022 11:29,,BUY,,,,,04-03-2022 11:30,915.5,892.1,BUY,closed,stop loss hit,-23.4,Supertrend
-1,BANKNIFTY2231034700PE,04-03-2022 11:35,,BUY,,,,,04-03-2022 11:45,891.65,898.7,BUY,closed,stop loss hit,7.05,Supertrend
-1,BANKNIFTY2231034100CE,04-03-2022 13:45,,BUY,,,,,04-03-2022 13:46,1200.4,1168.05,BUY,closed,stop loss hit,-32.35,Supertrend
-1,BANKNIFTY2231034100CE,04-03-2022 14:05,,BUY,,,,,04-03-2022 14:09,1100.1,1069.35,BUY,closed,stop loss hit,-30.75,Supertrend
-1,BANKNIFTY2231033300PE,07-03-2022 10:56,,BUY,,,,,07-03-2022 10:57,851.7,826.65,BUY,closed,stop loss hit,-25.05,Supertrend
-1,BANKNIFTY2231033300PE,07-03-2022 11:21,,BUY,,,,,07-03-2022 11:23,869.5,835.0,BUY,closed,stop loss hit,-34.5,Supertrend
-1,BANKNIFTY2231033300PE,07-03-2022 11:24,,BUY,,,,,07-03-2022 11:41,837.1,801.0,BUY,closed,stop loss hit,-36.1,Supertrend
-1,BANKNIFTY2231033300PE,07-03-2022 12:03,,BUY,,,,,07-03-2022 12:07,792.5,771.05,BUY,closed,stop loss hit,-21.45,Supertrend
-1,BANKNIFTY2231032700CE,07-03-2022 13:00,,BUY,,,,,07-03-2022 13:06,832.15,847.05,BUY,closed,stop loss hit,14.9,Supertrend
-1,BANKNIFTY2231032700CE,07-03-2022 13:08,,BUY,,,,,07-03-2022 13:12,806.6,774.75,BUY,closed,stop loss hit,-31.85,Supertrend
-1,BANKNIFTY2231032700CE,07-03-2022 13:16,,BUY,,,,,07-03-2022 13:25,768.15,763.6,BUY,closed,stop loss hit,-4.55,Supertrend
-1,BANKNIFTY2231033300PE,07-03-2022 14:30,,BUY,,,,,07-03-2022 14:32,1066.8,1076.75,BUY,closed,stop loss hit,9.95,Supertrend
-1,BANKNIFTY2231033300PE,07-03-2022 14:35,,BUY,,,,,07-03-2022 14:36,1065.7,1042.45,BUY,closed,stop loss hit,-23.25,Supertrend
-1,BANKNIFTY2231033300PE,07-03-2022 14:52,,BUY,,,,,07-03-2022 14:56,951.0,974.5,BUY,closed,stop loss hit,23.5,Supertrend
-1,BANKNIFTY2231032200CE,08-03-2022 09:41,,BUY,,,,,08-03-2022 09:49,786.0,830.8,BUY,closed,stop loss hit,44.8,Supertrend
-1,BANKNIFTY2231032800PE,08-03-2022 10:25,,BUY,,,,,08-03-2022 10:43,581.05,703.45,BUY,closed,stop loss hit,122.4,Supertrend
-1,BANKNIFTY2231032200CE,08-03-2022 11:20,,BUY,,,,,08-03-2022 11:29,709.75,736.25,BUY,closed,stop loss hit,26.5,Supertrend
-1,BANKNIFTY2231032800PE,08-03-2022 12:08,,BUY,,,,,08-03-2022 12:11,818.0,827.7,BUY,closed,stop loss hit,9.7,Supertrend
-1,BANKNIFTY2231032800PE,08-03-2022 12:24,,BUY,,,,,08-03-2022 12:26,771.85,746.0,BUY,closed,stop loss hit,-25.85,Supertrend
-1,BANKNIFTY2231032200CE,08-03-2022 13:28,,BUY,,,,,08-03-2022 13:46,620.9,785.15,BUY,closed,stop loss hit,164.25,Supertrend
-1,BANKNIFTY2231032800PE,08-03-2022 13:52,,BUY,,,,,08-03-2022 13:58,697.7,681.55,BUY,closed,stop loss hit,-16.15,Supertrend
-1,BANKNIFTY2231032200CE,08-03-2022 14:23,,BUY,,,,,08-03-2022 14:36,797.35,966.0,BUY,closed,stop loss hit,168.65,Supertrend
-1,BANKNIFTY2231032800CE,09-03-2022 10:39,,BUY,,,,,09-03-2022 10:42,654.8,633.1,BUY,closed,stop loss hit,-21.7,Supertrend
-1,BANKNIFTY2231032800CE,09-03-2022 11:17,,BUY,,,,,09-03-2022 11:22,586.2,557.45,BUY,closed,stop loss hit,-28.75,Supertrend
-1,BANKNIFTY2231033400PE,09-03-2022 12:24,,BUY,,,,,09-03-2022 12:27,460.25,408.55,BUY,closed,stop loss hit,-51.7,Supertrend
-1,BANKNIFTY2231032800CE,09-03-2022 13:17,,BUY,,,,,09-03-2022 13:26,878.0,882.0,BUY,closed,stop loss hit,4.0,Supertrend
-1,BANKNIFTY2231032800CE,09-03-2022 13:27,,BUY,,,,,09-03-2022 13:30,851.3,825.15,BUY,closed,stop loss hit,-26.15,Supertrend
-1,BANKNIFTY2231034500CE,10-03-2022 09:34,,BUY,,,,,10-03-2022 09:40,434.5,474.35,BUY,closed,stop loss hit,39.85,Supertrend
-1,BANKNIFTY2231034500CE,10-03-2022 10:44,,BUY,,,,,10-03-2022 10:54,701.0,774.25,BUY,closed,stop loss hit,73.25,Supertrend
-1,BANKNIFTY2231034500CE,10-03-2022 11:31,,BUY,,,,,10-03-2022 11:32,778.55,751.25,BUY,closed,stop loss hit,-27.3,Supertrend
-1,BANKNIFTY2231034500CE,10-03-2022 11:34,,BUY,,,,,10-03-2022 11:35,767.85,722.0,BUY,closed,stop loss hit,-45.85,Supertrend
-1,BANKNIFTY2231035100PE,10-03-2022 13:25,,BUY,,,,,10-03-2022 13:50,214.0,649.5,BUY,closed,Target hit,435.5,Supertrend
-1,BANKNIFTY2231035100PE,10-03-2022 14:35,,BUY,,,,,10-03-2022 14:36,583.1,519.3,BUY,closed,stop loss hit,-63.8,Supertrend
-1,BANKNIFTY2231035100PE,10-03-2022 14:43,,BUY,,,,,10-03-2022 14:50,557.55,701.7,BUY,closed,EOD exit,144.15,Supertrend
-1,BANKNIFTY2231734300CE,11-03-2022 10:21,,BUY,,,,,11-03-2022 10:23,918.8,893.4,BUY,closed,stop loss hit,-25.4,Supertrend
-1,BANKNIFTY2231734300CE,11-03-2022 10:32,,BUY,,,,,11-03-2022 10:35,833.1,824.0,BUY,closed,stop loss hit,-9.1,Supertrend
-1,BANKNIFTY2231734900PE,11-03-2022 11:34,,BUY,,,,,11-03-2022 11:38,792.15,767.85,BUY,closed,stop loss hit,-24.3,Supertrend
-1,BANKNIFTY2231734300CE,11-03-2022 12:53,,BUY,,,,,11-03-2022 13:07,807.25,814.0,BUY,closed,stop loss hit,6.75,Supertrend
-1,BANKNIFTY2231734900PE,11-03-2022 14:17,,BUY,,,,,11-03-2022 14:21,863.3,866.9,BUY,closed,stop loss hit,3.6,Supertrend
-1,BANKNIFTY2231734900PE,11-03-2022 14:44,,BUY,,,,,11-03-2022 14:50,816.6,835.2,BUY,closed,EOD exit,18.6,Supertrend
-1,BANKNIFTY2231734500CE,14-03-2022 10:22,,BUY,,,,,14-03-2022 10:29,809.35,824.05,BUY,closed,stop loss hit,14.7,Supertrend
-1,BANKNIFTY2231735200CE,15-03-2022 09:42,,BUY,,,,,15-03-2022 09:44,614.05,635.4,BUY,closed,stop loss hit,21.35,Supertrend
-1,BANKNIFTY2231735200CE,15-03-2022 10:53,,BUY,,,,,15-03-2022 10:55,733.35,721.05,BUY,closed,stop loss hit,-12.3,Supertrend
-1,BANKNIFTY2231735200CE,15-03-2022 10:59,,BUY,,,,,15-03-2022 11:09,699.95,690.0,BUY,closed,stop loss hit,-9.95,Supertrend
-1,BANKNIFTY2231735200CE,15-03-2022 12:37,,BUY,,,,,15-03-2022 12:40,621.3,603.25,BUY,closed,stop loss hit,-18.05,Supertrend
-1,BANKNIFTY2231735800PE,15-03-2022 14:51,,BUY,,,,,15-03-2022 14:53,1032.45,1019.15,BUY,closed,stop loss hit,-13.3,Supertrend
-1,BANKNIFTY2231735400CE,16-03-2022 10:11,,BUY,,,,,16-03-2022 10:13,524.0,501.95,BUY,closed,stop loss hit,-22.05,Supertrend
-1,BANKNIFTY2231735400CE,16-03-2022 10:24,,BUY,,,,,16-03-2022 10:38,475.9,504.35,BUY,closed,stop loss hit,28.45,Supertrend
-1,BANKNIFTY2231735400CE,16-03-2022 11:01,,BUY,,,,,16-03-2022 11:07,510.9,500.5,BUY,closed,stop loss hit,-10.4,Supertrend
-1,BANKNIFTY2231736000PE,16-03-2022 11:36,,BUY,,,,,16-03-2022 11:42,549.15,551.15,BUY,closed,stop loss hit,2.0,Supertrend
-1,BANKNIFTY2231735400CE,16-03-2022 12:06,,BUY,,,,,16-03-2022 12:29,511.35,538.0,BUY,closed,stop loss hit,26.65,Supertrend
-1,BANKNIFTY2231735400CE,16-03-2022 13:00,,BUY,,,,,16-03-2022 13:11,519.2,495.45,BUY,closed,stop loss hit,-23.75,Supertrend
-1,BANKNIFTY2231735400CE,16-03-2022 13:14,,BUY,,,,,16-03-2022 13:28,470.05,510.05,BUY,closed,stop loss hit,40.0,Supertrend
-1,BANKNIFTY2231736000PE,16-03-2022 13:34,,BUY,,,,,16-03-2022 13:45,549.75,534.35,BUY,closed,stop loss hit,-15.4,Supertrend
-1,BANKNIFTY2231736000PE,16-03-2022 14:29,,BUY,,,,,16-03-2022 14:37,548.3,560.55,BUY,closed,stop loss hit,12.25,Supertrend
-1,BANKNIFTY2231736100CE,17-03-2022 10:22,,BUY,,,,,17-03-2022 10:29,433.65,427.25,BUY,closed,stop loss hit,-6.4,Supertrend
-1,BANKNIFTY2231736100CE,17-03-2022 12:03,,BUY,,,,,17-03-2022 12:04,468.5,445.1,BUY,closed,stop loss hit,-23.4,Supertrend
-1,BANKNIFTY2231736100CE,17-03-2022 12:54,,BUY,,,,,17-03-2022 12:59,429.6,414.5,BUY,closed,stop loss hit,-15.1,Supertrend
-1,BANKNIFTY2231736100CE,17-03-2022 13:03,,BUY,,,,,17-03-2022 13:25,422.0,407.35,BUY,closed,stop loss hit,-14.65,Supertrend
-1,BANKNIFTY2231736700PE,17-03-2022 13:55,,BUY,,,,,17-03-2022 14:07,218.8,201.3,BUY,closed,stop loss hit,-17.5,Supertrend
-1,BANKNIFTY2231736700PE,17-03-2022 14:08,,BUY,,,,,17-03-2022 14:19,175.1,199.15,BUY,closed,stop loss hit,24.05,Supertrend
-1,BANKNIFTY2231736100CE,17-03-2022 14:46,,BUY,,,,,17-03-2022 14:49,395.4,370.7,BUY,closed,stop loss hit,-24.7,Supertrend
-1,BANKNIFTY2232436600PE,21-03-2022 10:47,,BUY,,,,,21-03-2022 10:59,727.05,725.75,BUY,closed,stop loss hit,-1.3,Supertrend
-1,BANKNIFTY2232436600PE,21-03-2022 11:05,,BUY,,,,,21-03-2022 11:20,680.7,675.3,BUY,closed,stop loss hit,-5.4,Supertrend
-1,BANKNIFTY2232436000CE,21-03-2022 11:38,,BUY,,,,,21-03-2022 11:45,642.0,616.9,BUY,closed,stop loss hit,-25.1,Supertrend
-1,BANKNIFTY2232436000CE,21-03-2022 11:55,,BUY,,,,,21-03-2022 12:12,598.55,597.35,BUY,closed,stop loss hit,-1.2,Supertrend
-1,BANKNIFTY2232436000CE,21-03-2022 12:24,,BUY,,,,,21-03-2022 12:32,595.2,574.4,BUY,closed,stop loss hit,-20.8,Supertrend
-1,BANKNIFTY2232436600PE,21-03-2022 13:36,,BUY,,,,,21-03-2022 13:39,812.65,797.9,BUY,closed,stop loss hit,-14.75,Supertrend
-1,BANKNIFTY2232436600PE,21-03-2022 14:02,,BUY,,,,,21-03-2022 14:09,772.1,747.95,BUY,closed,stop loss hit,-24.15,Supertrend
-1,BANKNIFTY2232436000CE,21-03-2022 14:25,,BUY,,,,,21-03-2022 14:31,531.35,530.0,BUY,closed,stop loss hit,-1.35,Supertrend
-1,BANKNIFTY2232436000CE,21-03-2022 14:34,,BUY,,,,,21-03-2022 14:37,528.0,505.75,BUY,closed,stop loss hit,-22.25,Supertrend
-1,BANKNIFTY2232436000PE,22-03-2022 10:30,,BUY,,,,,22-03-2022 10:46,683.4,693.05,BUY,closed,stop loss hit,9.65,Supertrend
-1,BANKNIFTY2232436000PE,22-03-2022 10:53,,BUY,,,,,22-03-2022 10:55,682.0,664.05,BUY,closed,stop loss hit,-17.95,Supertrend
-1,BANKNIFTY2232436000PE,22-03-2022 10:57,,BUY,,,,,22-03-2022 11:00,660.95,641.9,BUY,closed,stop loss hit,-19.05,Supertrend
-1,BANKNIFTY2232436000PE,22-03-2022 11:08,,BUY,,,,,22-03-2022 12:02,613.25,734.1,BUY,closed,stop loss hit,120.85,Supertrend
-1,BANKNIFTY2232436000PE,22-03-2022 12:28,,BUY,,,,,22-03-2022 12:34,695.0,759.5,BUY,closed,stop loss hit,64.5,Supertrend
-1,BANKNIFTY2232436000PE,22-03-2022 12:42,,BUY,,,,,22-03-2022 12:45,515.05,511.65,BUY,closed,stop loss hit,-3.4,Supertrend
-1,BANKNIFTY2232436000PE,22-03-2022 12:58,,BUY,,,,,22-03-2022 13:00,464.5,427.25,BUY,closed,stop loss hit,-37.25,Supertrend
-1,BANKNIFTY2232436400CE,23-03-2022 09:36,,BUY,,,,,23-03-2022 09:40,495.1,469.1,BUY,closed,stop loss hit,-26.0,Supertrend
-1,BANKNIFTY2232436400CE,23-03-2022 09:45,,BUY,,,,,23-03-2022 09:52,410.65,475.6,BUY,closed,stop loss hit,64.95,Supertrend
-1,BANKNIFTY2232436400CE,23-03-2022 10:22,,BUY,,,,,23-03-2022 10:26,349.05,342.15,BUY,closed,stop loss hit,-6.9,Supertrend
-1,BANKNIFTY2232436400CE,23-03-2022 10:27,,BUY,,,,,23-03-2022 10:38,346.0,360.6,BUY,closed,stop loss hit,14.6,Supertrend
-1,BANKNIFTY2232437000PE,23-03-2022 10:53,,BUY,,,,,23-03-2022 10:58,589.7,595.0,BUY,closed,stop loss hit,5.3,Supertrend
-1,BANKNIFTY2232437000PE,23-03-2022 13:11,,BUY,,,,,23-03-2022 13:21,769.0,796.55,BUY,closed,stop loss hit,27.55,Supertrend
-1,BANKNIFTY2232437000PE,23-03-2022 13:25,,BUY,,,,,23-03-2022 13:30,693.4,716.95,BUY,closed,stop loss hit,23.55,Supertrend
-1,BANKNIFTY2232437000PE,23-03-2022 14:07,,BUY,,,,,23-03-2022 14:10,826.9,804.9,BUY,closed,stop loss hit,-22.0,Supertrend
-1,BANKNIFTY2232436000PE,24-03-2022 09:52,,BUY,,,,,24-03-2022 09:54,269.4,253.35,BUY,closed,stop loss hit,-16.05,Supertrend
-1,BANKNIFTY2232436000PE,24-03-2022 09:57,,BUY,,,,,24-03-2022 10:10,235.0,237.65,BUY,closed,stop loss hit,2.65,Supertrend
-1,BANKNIFTY2232435400CE,24-03-2022 11:44,,BUY,,,,,24-03-2022 11:45,497.7,477.1,BUY,closed,stop loss hit,-20.6,Supertrend
-1,BANKNIFTY2232435400CE,24-03-2022 12:04,,BUY,,,,,24-03-2022 12:13,320.35,297.1,BUY,closed,stop loss hit,-23.25,Supertrend
-1,BANKNIFTY2232435400CE,24-03-2022 12:15,,BUY,,,,,24-03-2022 12:21,278.25,272.65,BUY,closed,stop loss hit,-5.6,Supertrend
-1,BANKNIFTY2232436000PE,24-03-2022 12:44,,BUY,,,,,24-03-2022 12:46,477.0,471.5,BUY,closed,stop loss hit,-5.5,Supertrend
-1,BANKNIFTY2232436000PE,24-03-2022 13:28,,BUY,,,,,24-03-2022 13:47,300.4,522.35,BUY,closed,stop loss hit,221.95,Supertrend
-1,BANKNIFTY2232436000PE,24-03-2022 14:01,,BUY,,,,,24-03-2022 14:04,478.6,415.65,BUY,closed,stop loss hit,-62.95,Supertrend
-1,BANKNIFTY2232435400CE,24-03-2022 14:45,,BUY,,,,,24-03-2022 14:50,178.75,221.2,BUY,closed,EOD exit,42.45,Supertrend
-1,BANKNIFTY2240735100CE,25-03-2022 09:30,,BUY,,,,,25-03-2022 09:59,1147.05,1214.75,BUY,closed,stop loss hit,67.7,Supertrend
-1,BANKNIFTY2240735700PE,25-03-2022 10:01,,BUY,,,,,25-03-2022 10:20,837.35,896.0,BUY,closed,stop loss hit,58.65,Supertrend
-1,BANKNIFTY2240735100CE,25-03-2022 11:04,,BUY,,,,,25-03-2022 11:09,1178.45,1156.25,BUY,closed,stop loss hit,-22.2,Supertrend
-1,BANKNIFTY2240735700PE,25-03-2022 11:30,,BUY,,,,,25-03-2022 11:59,871.7,877.0,BUY,closed,stop loss hit,5.3,Supertrend
-1,BANKNIFTY2240735100CE,25-03-2022 12:00,,BUY,,,,,25-03-2022 12:05,1130.1,1105.1,BUY,closed,stop loss hit,-25.0,Supertrend
-1,BANKNIFTY2240735700PE,25-03-2022 12:44,,BUY,,,,,25-03-2022 13:03,923.6,957.0,BUY,closed,stop loss hit,33.4,Supertrend
-1,BANKNIFTY2240735700PE,25-03-2022 13:10,,BUY,,,,,25-03-2022 13:28,907.5,935.0,BUY,closed,stop loss hit,27.5,Supertrend
-1,BANKNIFTY2240735700PE,25-03-2022 14:25,,BUY,,,,,25-03-2022 14:26,982.4,960.0,BUY,closed,stop loss hit,-22.4,Supertrend
-1,BANKNIFTY2240735400PE,28-03-2022 10:00,,BUY,,,,,28-03-2022 10:21,880.0,905.6,BUY,closed,stop loss hit,25.6,Supertrend
-1,BANKNIFTY2240735400PE,28-03-2022 10:54,,BUY,,,,,28-03-2022 11:15,882.55,861.55,BUY,closed,stop loss hit,-21.0,Supertrend
-1,BANKNIFTY2240735400PE,28-03-2022 11:21,,BUY,,,,,28-03-2022 11:22,877.95,850.95,BUY,closed,stop loss hit,-27.0,Supertrend
-1,BANKNIFTY2240734800CE,28-03-2022 11:38,,BUY,,,,,28-03-2022 11:39,1075.25,1050.0,BUY,closed,stop loss hit,-25.25,Supertrend
-1,BANKNIFTY2240734800CE,28-03-2022 11:42,,BUY,,,,,28-03-2022 12:09,1050.0,1041.0,BUY,closed,stop loss hit,-9.0,Supertrend
-1,BANKNIFTY2240734800CE,28-03-2022 13:30,,BUY,,,,,28-03-2022 13:31,1377.5,1337.1,BUY,closed,stop loss hit,-40.4,Supertrend
-1,BANKNIFTY2240734800CE,28-03-2022 13:41,,BUY,,,,,28-03-2022 14:03,1303.1,1361.05,BUY,closed,stop loss hit,57.95,Supertrend
-1,BANKNIFTY2240735400PE,28-03-2022 14:34,,BUY,,,,,28-03-2022 14:37,583.45,555.6,BUY,closed,stop loss hit,-27.85,Supertrend
-1,BANKNIFTY2240735600CE,29-03-2022 09:54,,BUY,,,,,29-03-2022 09:58,888.0,873.75,BUY,closed,stop loss hit,-14.25,Supertrend
-1,BANKNIFTY2240735600CE,29-03-2022 10:41,,BUY,,,,,29-03-2022 11:09,828.95,870.45,BUY,closed,stop loss hit,41.5,Supertrend
-1,BANKNIFTY2240736200PE,29-03-2022 12:26,,BUY,,,,,29-03-2022 12:47,857.45,877.4,BUY,closed,stop loss hit,19.95,Supertrend
-1,BANKNIFTY2240736200PE,29-03-2022 12:54,,BUY,,,,,29-03-2022 13:16,805.85,970.2,BUY,closed,stop loss hit,164.35,Supertrend
-1,BANKNIFTY2240736200PE,29-03-2022 13:47,,BUY,,,,,29-03-2022 14:00,924.45,883.55,BUY,closed,stop loss hit,-40.9,Supertrend
-1,BANKNIFTY2240736200PE,29-03-2022 14:19,,BUY,,,,,29-03-2022 14:20,902.0,875.65,BUY,closed,stop loss hit,-26.35,Supertrend
-1,BANKNIFTY2240735800CE,30-03-2022 11:20,,BUY,,,,,30-03-2022 11:42,957.35,955.0,BUY,closed,stop loss hit,-2.35,Supertrend
-1,BANKNIFTY2240735800CE,30-03-2022 12:06,,BUY,,,,,30-03-2022 12:14,936.45,924.7,BUY,closed,stop loss hit,-11.75,Supertrend
-1,BANKNIFTY2240736400PE,30-03-2022 13:23,,BUY,,,,,30-03-2022 13:47,616.2,648.85,BUY,closed,stop loss hit,32.65,Supertrend
-1,BANKNIFTY2240736400PE,30-03-2022 14:00,,BUY,,,,,30-03-2022 14:14,621.45,628.25,BUY,closed,stop loss hit,6.8,Supertrend
-1,BANKNIFTY2240735800CE,30-03-2022 14:46,,BUY,,,,,30-03-2022 14:50,897.8,951.05,BUY,closed,EOD exit,53.25,Supertrend
-1,BANKNIFTY2240736000CE,31-03-2022 10:41,,BUY,,,,,31-03-2022 10:44,838.8,825.1,BUY,closed,stop loss hit,-13.7,Supertrend
-1,BANKNIFTY2240736000CE,31-03-2022 10:45,,BUY,,,,,31-03-2022 10:49,843.0,823.8,BUY,closed,stop loss hit,-19.2,Supertrend
-1,BANKNIFTY2240736000CE,31-03-2022 11:18,,BUY,,,,,31-03-2022 11:34,845.8,835.5,BUY,closed,stop loss hit,-10.3,Supertrend
-1,BANKNIFTY2240736600PE,31-03-2022 12:31,,BUY,,,,,31-03-2022 13:01,568.45,571.3,BUY,closed,stop loss hit,2.85,Supertrend
-1,BANKNIFTY2240736600PE,31-03-2022 13:08,,BUY,,,,,31-03-2022 13:27,560.45,573.1,BUY,closed,stop loss hit,12.65,Supertrend
-1,BANKNIFTY2240736000CE,31-03-2022 13:42,,BUY,,,,,31-03-2022 14:00,797.0,789.35,BUY,closed,stop loss hit,-7.65,Supertrend
-1,BANKNIFTY2240736000CE,31-03-2022 14:02,,BUY,,,,,31-03-2022 14:32,770.0,805.0,BUY,closed,stop loss hit,35.0,Supertrend
-1,BANKNIFTY2240736100CE,01-04-2022 10:43,,BUY,,,,,01-04-2022 10:47,849.6,860.05,BUY,closed,stop loss hit,10.45,Supertrend
-1,BANKNIFTY2240736100CE,01-04-2022 11:25,,BUY,,,,,01-04-2022 12:04,865.6,850.0,BUY,closed,stop loss hit,-15.6,Supertrend
-1,BANKNIFTY2240736100CE,01-04-2022 13:04,,BUY,,,,,01-04-2022 13:18,1001.45,1045.95,BUY,closed,stop loss hit,44.5,Supertrend
-1,BANKNIFTY2240736100CE,01-04-2022 14:50,,BUY,,,,,01-04-2022 14:50,1106.4,1106.4,BUY,closed,EOD exit,0.0,Supertrend
-1,BANKNIFTY2240737800CE,04-04-2022 10:36,,BUY,,,,,04-04-2022 10:41,884.25,864.05,BUY,closed,stop loss hit,-20.2,Supertrend
-1,BANKNIFTY2240737800CE,04-04-2022 10:46,,BUY,,,,,04-04-2022 10:50,859.8,840.0,BUY,closed,stop loss hit,-19.8,Supertrend
-1,BANKNIFTY2240737800CE,04-04-2022 10:54,,BUY,,,,,04-04-2022 10:56,764.05,722.7,BUY,closed,stop loss hit,-41.35,Supertrend
-1,BANKNIFTY2240737800CE,04-04-2022 11:08,,BUY,,,,,04-04-2022 11:09,634.8,591.9,BUY,closed,stop loss hit,-42.9,Supertrend
-1,BANKNIFTY2240737800CE,04-04-2022 11:34,,BUY,,,,,04-04-2022 11:35,621.3,595.0,BUY,closed,stop loss hit,-26.3,Supertrend
-1,BANKNIFTY2240738400PE,04-04-2022 11:50,,BUY,,,,,04-04-2022 11:57,441.35,416.85,BUY,closed,stop loss hit,-24.5,Supertrend
-1,BANKNIFTY2240738400PE,04-04-2022 12:29,,BUY,,,,,04-04-2022 12:58,440.0,476.95,BUY,closed,stop loss hit,36.95,Supertrend
-1,BANKNIFTY2240738200CE,05-04-2022 09:42,,BUY,,,,,05-04-2022 09:43,397.4,374.8,BUY,closed,stop loss hit,-22.6,Supertrend
-1,BANKNIFTY2240738800PE,05-04-2022 10:21,,BUY,,,,,05-04-2022 10:23,678.2,661.1,BUY,closed,stop loss hit,-17.1,Supertrend
-1,BANKNIFTY2240738800PE,05-04-2022 10:27,,BUY,,,,,05-04-2022 10:41,640.0,696.85,BUY,closed,stop loss hit,56.85,Supertrend
-1,BANKNIFTY2240738800PE,05-04-2022 10:55,,BUY,,,,,05-04-2022 10:56,635.1,612.3,BUY,closed,stop loss hit,-22.8,Supertrend
-1,BANKNIFTY2240738800PE,05-04-2022 11:08,,BUY,,,,,05-04-2022 11:13,568.05,592.05,BUY,closed,stop loss hit,24.0,Supertrend
-1,BANKNIFTY2240738200CE,05-04-2022 12:01,,BUY,,,,,05-04-2022 12:17,394.45,410.0,BUY,closed,stop loss hit,15.55,Supertrend
-1,BANKNIFTY2240738800PE,05-04-2022 13:05,,BUY,,,,,05-04-2022 13:06,504.9,479.5,BUY,closed,stop loss hit,-25.4,Supertrend
-1,BANKNIFTY2240738200CE,05-04-2022 13:59,,BUY,,,,,05-04-2022 14:00,467.75,412.0,BUY,closed,stop loss hit,-55.75,Supertrend
-1,BANKNIFTY2240738200CE,05-04-2022 14:25,,BUY,,,,,05-04-2022 14:37,356.35,388.6,BUY,closed,stop loss hit,32.25,Supertrend
-1,BANKNIFTY2240738000PE,06-04-2022 10:16,,BUY,,,,,06-04-2022 10:32,458.1,473.55,BUY,closed,stop loss hit,15.45,Supertrend
-1,BANKNIFTY2240738000PE,06-04-2022 11:19,,BUY,,,,,06-04-2022 11:32,445.9,454.5,BUY,closed,stop loss hit,8.6,Supertrend
-1,BANKNIFTY2240737400CE,06-04-2022 12:57,,BUY,,,,,06-04-2022 12:59,479.5,430.0,BUY,closed,stop loss hit,-49.5,Supertrend
-1,BANKNIFTY2240737400CE,06-04-2022 13:02,,BUY,,,,,06-04-2022 13:03,411.45,377.45,BUY,closed,stop loss hit,-34.0,Supertrend
-1,BANKNIFTY2240737400CE,06-04-2022 13:29,,BUY,,,,,06-04-2022 13:47,341.5,410.05,BUY,closed,stop loss hit,68.55,Supertrend
-1,BANKNIFTY2240738000PE,06-04-2022 14:27,,BUY,,,,,06-04-2022 14:30,400.2,352.4,BUY,closed,stop loss hit,-47.8,Supertrend
-1,BANKNIFTY2240738000PE,06-04-2022 14:33,,BUY,,,,,06-04-2022 14:37,365.65,380.75,BUY,closed,stop loss hit,15.1,Supertrend
-1,BANKNIFTY2240737700PE,07-04-2022 09:40,,BUY,,,,,07-04-2022 09:55,222.75,235.8,BUY,closed,stop loss hit,13.05,Supertrend
-1,BANKNIFTY2240737700PE,07-04-2022 10:19,,BUY,,,,,07-04-2022 10:41,212.1,255.15,BUY,closed,stop loss hit,43.05,Supertrend
-1,BANKNIFTY2240737700PE,07-04-2022 11:07,,BUY,,,,,07-04-2022 11:09,204.0,164.0,BUY,closed,stop loss hit,-40.0,Supertrend
-1,BANKNIFTY2240737100CE,07-04-2022 12:24,,BUY,,,,,07-04-2022 12:28,786.95,804.8,BUY,closed,stop loss hit,17.85,Supertrend
-1,BANKNIFTY2240737100CE,07-04-2022 12:51,,BUY,,,,,07-04-2022 12:55,781.6,785.75,BUY,closed,stop loss hit,4.15,Supertrend
-1,BANKNIFTY2240737100CE,07-04-2022 12:57,,BUY,,,,,07-04-2022 13:01,761.65,770.7,BUY,closed,stop loss hit,9.05,Supertrend
-1,BANKNIFTY2240737100CE,07-04-2022 13:07,,BUY,,,,,07-04-2022 13:11,717.15,772.3,BUY,closed,stop loss hit,55.15,Supertrend
-1,BANKNIFTY2240737100CE,07-04-2022 13:29,,BUY,,,,,07-04-2022 13:31,706.1,672.15,BUY,closed,stop loss hit,-33.95,Supertrend
-1,BANKNIFTY2240737100CE,07-04-2022 13:38,,BUY,,,,,07-04-2022 13:42,657.9,622.8,BUY,closed,stop loss hit,-35.1,Supertrend
-1,BANKNIFTY2240737700PE,07-04-2022 14:30,,BUY,,,,,07-04-2022 14:36,110.15,100.9,BUY,closed,stop loss hit,-9.25,Supertrend
-1,BANKNIFTY2240737700PE,07-04-2022 09:40,,BUY,,,,,07-04-2022 09:55,222.75,235.8,BUY,closed,stop loss hit,13.05,Supertrend
